-- Location
INSERT INTO location (id, name, address) VALUES ('CSHN', N'Hà Nội', N'12 Trần Duy Hưng, Cầu Giấy, Hà Nội');
INSERT INTO location (id, name, address) VALUES ('CSTH', N'Thanh Hóa', N'56 Lê Lợi, TP Thanh Hóa, Thanh Hóa');
INSERT INTO location (id, name, address) VALUES ('CSTB', N'Thái Bình', N'23 Quang Trung, TP Thái Bình, Thái Bình');
INSERT INTO location (id, name, address) VALUES ('CSND', N'Nam Định', N'101 Đường Trần Hưng Đạo, TP Nam Định, Nam Định');
INSERT INTO location (id, name, address) VALUES ('CSVP', N'Vĩnh Phúc', N'34 Nguyễn Tất Thành, Vĩnh Yên, Vĩnh Phúc');
INSERT INTO location (id, name, address) VALUES ('CSDN', N'Đà Nẵng', N'18 Đường 2/9, Hải Châu, Đà Nẵng');
INSERT INTO location (id, name, address) VALUES ('CSBG', N'Bắc Giang', N'55 Lê Lợi, TP Bắc Giang, Bắc Giang');

-- Treatment
INSERT INTO treatment (id, name, description) VALUES ('T001', N'Nội soi', N'Phương pháp: Nội soi.');
INSERT INTO treatment (id, name, description) VALUES ('T002', N'Châm cứu', N'Phương pháp: Châm cứu.');
INSERT INTO treatment (id, name, description) VALUES ('T003', N'Phẫu thuật tim', N'Phương pháp: Phẫu thuật tim.');
INSERT INTO treatment (id, name, description) VALUES ('T004', N'Thuốc hoạt huyết', N'Phương pháp: Thuốc hoạt huyết.');
INSERT INTO treatment (id, name, description) VALUES ('T005', N'Điện xung', N'Phương pháp: Điện xung.');
INSERT INTO treatment (id, name, description) VALUES ('T006', N'Phẫu thuật thẩm mỹ', N'Phương pháp: Phẫu thuật thẩm mỹ.');
INSERT INTO treatment (id, name, description) VALUES ('T007', N'Chỉnh hình răng', N'Phương pháp: Chỉnh hình răng.');
INSERT INTO treatment (id, name, description) VALUES ('T008', N'Điều trị bằng thuốc', N'Phương pháp: Điều trị bằng thuốc.');
INSERT INTO treatment (id, name, description) VALUES ('T009', N'Phẫu thuật mắt', N'Phương pháp: Phẫu thuật mắt.');
INSERT INTO treatment (id, name, description) VALUES ('T010', N'Liệu pháp nội', N'Phương pháp: Liệu pháp nội.');
INSERT INTO treatment (id, name, description) VALUES ('T011', N'Phẫu thuật não', N'Phương pháp: Phẫu thuật não.');
INSERT INTO treatment (id, name, description) VALUES ('T012', N'Chiropractic', N'Phương pháp: Chiropractic.');
INSERT INTO treatment (id, name, description) VALUES ('T013', N'Liệu pháp ánh sáng laser', N'Phương pháp: Liệu pháp ánh sáng laser.');
INSERT INTO treatment (id, name, description) VALUES ('T014', N'Phục hồi chức năng', N'Phương pháp: Phục hồi chức năng.');
INSERT INTO treatment (id, name, description) VALUES ('T015', N'Nội soi thụ tinh', N'Phương pháp: Nội soi thụ tinh.');
INSERT INTO treatment (id, name, description) VALUES ('T016', N'Liệu pháp năng lượng từ', N'Phương pháp: Liệu pháp năng lượng từ.');
INSERT INTO treatment (id, name, description) VALUES ('T017', N'Phẫu thuật tạo hình', N'Phương pháp: Phẫu thuật tạo hình.');
INSERT INTO treatment (id, name, description) VALUES ('T018', N'Điều trị bằng nước', N'Phương pháp: Điều trị bằng nước.');
INSERT INTO treatment (id, name, description) VALUES ('T019', N'Tạo hình mũi', N'Phương pháp: Tạo hình mũi.');
INSERT INTO treatment (id, name, description) VALUES ('T020', N'Yoga trị liệu', N'Phương pháp: Yoga trị liệu.');

-- Department
INSERT INTO department (id, name, location_id) VALUES ('HN001', N'Nội khoa', 'CSHN');
INSERT INTO department (id, name, location_id) VALUES ('HN002', N'Ngoại khoa', 'CSHN');
INSERT INTO department (id, name, location_id) VALUES ('HN003', N'Sản khoa', 'CSHN');
INSERT INTO department (id, name, location_id) VALUES ('HN004', N'Nhi khoa', 'CSHN');
INSERT INTO department (id, name, location_id) VALUES ('TH001', N'Nội khoa', 'CSTH');
INSERT INTO department (id, name, location_id) VALUES ('TH002', N'Ngoại khoa', 'CSTH');
INSERT INTO department (id, name, location_id) VALUES ('TH003', N'Sản khoa', 'CSTH');
INSERT INTO department (id, name, location_id) VALUES ('TH004', N'Nhi khoa', 'CSTH');
INSERT INTO department (id, name, location_id) VALUES ('TB001', N'Nội khoa', 'CSTB');
INSERT INTO department (id, name, location_id) VALUES ('TB002', N'Ngoại khoa', 'CSTB');
INSERT INTO department (id, name, location_id) VALUES ('TB003', N'Sản khoa', 'CSTB');
INSERT INTO department (id, name, location_id) VALUES ('TB004', N'Nhi khoa', 'CSTB');
INSERT INTO department (id, name, location_id) VALUES ('ND001', N'Nội khoa', 'CSND');
INSERT INTO department (id, name, location_id) VALUES ('ND002', N'Ngoại khoa', 'CSND');
INSERT INTO department (id, name, location_id) VALUES ('ND003', N'Sản khoa', 'CSND');
INSERT INTO department (id, name, location_id) VALUES ('ND004', N'Nhi khoa', 'CSND');
INSERT INTO department (id, name, location_id) VALUES ('VP001', N'Nội khoa', 'CSVP');
INSERT INTO department (id, name, location_id) VALUES ('VP002', N'Ngoại khoa', 'CSVP');
INSERT INTO department (id, name, location_id) VALUES ('VP003', N'Sản khoa', 'CSVP');
INSERT INTO department (id, name, location_id) VALUES ('VP004', N'Nhi khoa', 'CSVP');
INSERT INTO department (id, name, location_id) VALUES ('DN001', N'Nội khoa', 'CSDN');
INSERT INTO department (id, name, location_id) VALUES ('DN002', N'Ngoại khoa', 'CSDN');
INSERT INTO department (id, name, location_id) VALUES ('DN003', N'Sản khoa', 'CSDN');
INSERT INTO department (id, name, location_id) VALUES ('DN004', N'Nhi khoa', 'CSDN');
INSERT INTO department (id, name, location_id) VALUES ('BG001', N'Nội khoa', 'CSBG');
INSERT INTO department (id, name, location_id) VALUES ('BG002', N'Ngoại khoa', 'CSBG');
INSERT INTO department (id, name, location_id) VALUES ('BG003', N'Sản khoa', 'CSBG');
INSERT INTO department (id, name, location_id) VALUES ('BG004', N'Nhi khoa', 'CSBG');

-- Doctor
INSERT INTO doctor (id, name, address, degree, phone, department_id) VALUES ('HNDTNK001', N'Tăng Bữu Ca', N'56 Lê Lợi, TP Thanh Hóa, Thanh Hóa', N'Bác sĩ đa khoa', '0350165258', 'HN001');
INSERT INTO doctor (id, name, address, degree, phone, department_id) VALUES ('HNDTNK002', N'Hoàng Vĩnh Thịnh', N'18 Đường 2/9, Hải Châu, Đà Nẵng', N'Bác sĩ chuyên khoa 1', '0327133320', 'HN001');
INSERT INTO doctor (id, name, address, degree, phone, department_id) VALUES ('HNDTNK003', N'Uông Danh San', N'56 Lê Lợi, TP Thanh Hóa, Thanh Hóa', N'Bác sĩ chuyên khoa 2', '0786857022', 'HN001');
INSERT INTO doctor (id, name, address, degree, phone, department_id) VALUES ('HNDTNK004', N'Lăng Ðắc Sang', N'34 Nguyễn Tất Thành, Vĩnh Yên, Vĩnh Phúc', N'Bác sĩ chuyên khoa 1', '0713676065', 'HN001');
INSERT INTO doctor (id, name, address, degree, phone, department_id) VALUES ('HNDTNK005', N'Hoàng Quyết Sang', N'34 Nguyễn Tất Thành, Vĩnh Yên, Vĩnh Phúc', N'Bác sĩ chuyên khoa 2', '0523708840', 'HN001');
INSERT INTO doctor (id, name, address, degree, phone, department_id) VALUES ('HNDTNGK001', N'Lại Tùng Trương', N'55 Lê Lợi, TP Bắc Giang, Bắc Giang', N'Bác sĩ chuyên khoa 2', '0811757453', 'HN002');
INSERT INTO doctor (id, name, address, degree, phone, department_id) VALUES ('HNDTNGK002', N'Trịnh Tân Ðiệp', N'12 Trần Duy Hưng, Cầu Giấy, Hà Nội', N'Bác sĩ đa khoa', '0367403959', 'HN002');
INSERT INTO doctor (id, name, address, degree, phone, department_id) VALUES ('HNDTNGK003', N'Doãn Viễn Vịnh', N'34 Nguyễn Tất Thành, Vĩnh Yên, Vĩnh Phúc', N'Bác sĩ chuyên khoa 2', '0714498251', 'HN002');
INSERT INTO doctor (id, name, address, degree, phone, department_id) VALUES ('HNDTNGK004', N'Mạc Trung Từ', N'41 Hùng Vương, TP Nam Định, Nam Định', N'Bác sĩ đa khoa', '0331999541', 'HN002');
INSERT INTO doctor (id, name, address, degree, phone, department_id) VALUES ('HNDTNGK005', N'Mai Hồng Chuyên', N'101 Đường Trần Hưng Đạo, TP Nam Định, Nam Định', N'Bác sĩ chuyên khoa 2', '0904077145', 'HN002');
INSERT INTO doctor (id, name, address, degree, phone, department_id) VALUES ('HNDTSK001', N'Ung Toàn Thịnh', N'101 Đường Trần Hưng Đạo, TP Nam Định, Nam Định', N'Bác sĩ chuyên khoa 2', '0373638420', 'HN003');
INSERT INTO doctor (id, name, address, degree, phone, department_id) VALUES ('HNDTSK002', N'Viêm Hoài Khoát', N'12 Trần Duy Hưng, Cầu Giấy, Hà Nội', N'Bác sĩ đa khoa', '0929802621', 'HN003');
INSERT INTO doctor (id, name, address, degree, phone, department_id) VALUES ('HNDTSK003', N'Lò Song Thái', N'101 Đường Trần Hưng Đạo, TP Nam Định, Nam Định', N'Bác sĩ đa khoa', '0963480660', 'HN003');
INSERT INTO doctor (id, name, address, degree, phone, department_id) VALUES ('HNDTSK004', N'Đỗ Hùng Huy', N'101 Đường Trần Hưng Đạo, TP Nam Định, Nam Định', N'Bác sĩ chuyên khoa 2', '0811480880', 'HN003');
INSERT INTO doctor (id, name, address, degree, phone, department_id) VALUES ('HNDTSK005', N'Đào Hoàng Hòa', N'55 Lê Lợi, TP Bắc Giang, Bắc Giang', N'Bác sĩ chuyên khoa 1', '0824039274', 'HN003');
INSERT INTO doctor (id, name, address, degree, phone, department_id) VALUES ('HNDTNKH001', N'Võ Tuyền Trình', N'23 Quang Trung, TP Thái Bình, Thái Bình', N'Bác sĩ đa khoa', '0720703049', 'HN004');
INSERT INTO doctor (id, name, address, degree, phone, department_id) VALUES ('HNDTNKH002', N'Chử Thái Ðạt', N'23 Quang Trung, TP Thái Bình, Thái Bình', N'Bác sĩ đa khoa', '0508495500', 'HN004');
INSERT INTO doctor (id, name, address, degree, phone, department_id) VALUES ('HNDTNKH003', N'Lương Hiền Nguyên', N'101 Đường Trần Hưng Đạo, TP Nam Định, Nam Định', N'Bác sĩ chuyên khoa 1', '0816499065', 'HN004');
INSERT INTO doctor (id, name, address, degree, phone, department_id) VALUES ('HNDTNKH004', N'Đàm Thiên Khiếu', N'15 Nguyễn Trãi, TP Vĩnh Yên, Vĩnh Phúc', N'Bác sĩ chuyên khoa 1', '0398831876', 'HN004');
INSERT INTO doctor (id, name, address, degree, phone, department_id) VALUES ('HNDTNKH005', N'Viêm Khương Doanh', N'23 Quang Trung, TP Thái Bình, Thái Bình', N'Bác sĩ chuyên khoa 1', '0987122368', 'HN004');
INSERT INTO doctor (id, name, address, degree, phone, department_id) VALUES ('THDTNK001', N'Lỗ Chấn Diệu', N'55 Lê Lợi, TP Bắc Giang, Bắc Giang', N'Bác sĩ chuyên khoa 1', '0907627540', 'TH001');
INSERT INTO doctor (id, name, address, degree, phone, department_id) VALUES ('THDTNK002', N'Hồ Thiếu Canh', N'18 Đường 2/9, Hải Châu, Đà Nẵng', N'Bác sĩ chuyên khoa 2', '0511387882', 'TH001');
INSERT INTO doctor (id, name, address, degree, phone, department_id) VALUES ('THDTNK003', N'Đỗ Mạnh Thái', N'41 Hùng Vương, TP Nam Định, Nam Định', N'Bác sĩ chuyên khoa 2', '0392171419', 'TH001');
INSERT INTO doctor (id, name, address, degree, phone, department_id) VALUES ('THDTNK004', N'Lò Khắc Hiển', N'56 Lê Lợi, TP Thanh Hóa, Thanh Hóa', N'Bác sĩ chuyên khoa 1', '0982843720', 'TH001');
INSERT INTO doctor (id, name, address, degree, phone, department_id) VALUES ('THDTNK005', N'Phùng Lam Lực', N'56 Lê Lợi, TP Thanh Hóa, Thanh Hóa', N'Bác sĩ chuyên khoa 1', '0763959191', 'TH001');
INSERT INTO doctor (id, name, address, degree, phone, department_id) VALUES ('THDTNGK001', N'Cao Dân Thuật', N'18 Đường 2/9, Hải Châu, Đà Nẵng', N'Bác sĩ chuyên khoa 2', '0749181045', 'TH002');
INSERT INTO doctor (id, name, address, degree, phone, department_id) VALUES ('THDTNGK002', N'Nhữ Phước Ðại', N'18 Đường 2/9, Hải Châu, Đà Nẵng', N'Bác sĩ chuyên khoa 2', '0761956365', 'TH002');
INSERT INTO doctor (id, name, address, degree, phone, department_id) VALUES ('THDTNGK003', N'Tạ Uy Sang', N'23 Quang Trung, TP Thái Bình, Thái Bình', N'Bác sĩ chuyên khoa 2', '0535024564', 'TH002');
INSERT INTO doctor (id, name, address, degree, phone, department_id) VALUES ('THDTNGK004', N'Lại Thái Trân', N'23 Quang Trung, TP Thái Bình, Thái Bình', N'Bác sĩ chuyên khoa 2', '0926609238', 'TH002');
INSERT INTO doctor (id, name, address, degree, phone, department_id) VALUES ('THDTNGK005', N'Bùi Cao Lam', N'203 Đội Cấn, Ba Đình, Hà Nội', N'Bác sĩ chuyên khoa 2', '0948573316', 'TH002');
INSERT INTO doctor (id, name, address, degree, phone, department_id) VALUES ('THDTSK001', N'Tăng Hồ Hoạt', N'15 Nguyễn Trãi, TP Vĩnh Yên, Vĩnh Phúc', N'Bác sĩ chuyên khoa 1', '0959114553', 'TH003');
INSERT INTO doctor (id, name, address, degree, phone, department_id) VALUES ('THDTSK002', N'Trình Phụng Vỹ', N'203 Đội Cấn, Ba Đình, Hà Nội', N'Bác sĩ đa khoa', '0847827424', 'TH003');
INSERT INTO doctor (id, name, address, degree, phone, department_id) VALUES ('THDTSK003', N'Lê Khai Ninh', N'18 Đường 2/9, Hải Châu, Đà Nẵng', N'Bác sĩ chuyên khoa 2', '0912670454', 'TH003');
INSERT INTO doctor (id, name, address, degree, phone, department_id) VALUES ('THDTSK004', N'Tạ Nhân Bảo', N'41 Hùng Vương, TP Nam Định, Nam Định', N'Bác sĩ chuyên khoa 1', '0803789475', 'TH003');
INSERT INTO doctor (id, name, address, degree, phone, department_id) VALUES ('THDTSK005', N'Trần Hồ Luân', N'55 Lê Lợi, TP Bắc Giang, Bắc Giang', N'Bác sĩ chuyên khoa 1', '0936778995', 'TH003');
INSERT INTO doctor (id, name, address, degree, phone, department_id) VALUES ('THDTNKH001', N'Vũ Tuyền Bổng', N'56 Lê Lợi, TP Thanh Hóa, Thanh Hóa', N'Bác sĩ chuyên khoa 2', '0814032373', 'TH004');
INSERT INTO doctor (id, name, address, degree, phone, department_id) VALUES ('THDTNKH002', N'Lỗ Chuẩn Trác', N'12 Trần Duy Hưng, Cầu Giấy, Hà Nội', N'Bác sĩ chuyên khoa 2', '0509209002', 'TH004');
INSERT INTO doctor (id, name, address, degree, phone, department_id) VALUES ('THDTNKH003', N'Hồ Hồng Duyệt', N'203 Đội Cấn, Ba Đình, Hà Nội', N'Bác sĩ chuyên khoa 2', '0952671671', 'TH004');
INSERT INTO doctor (id, name, address, degree, phone, department_id) VALUES ('THDTNKH004', N'Mai Dân Bổng', N'34 Nguyễn Tất Thành, Vĩnh Yên, Vĩnh Phúc', N'Bác sĩ chuyên khoa 2', '0837066178', 'TH004');
INSERT INTO doctor (id, name, address, degree, phone, department_id) VALUES ('THDTNKH005', N'Vũ Cảnh Phú', N'15 Nguyễn Trãi, TP Vĩnh Yên, Vĩnh Phúc', N'Bác sĩ chuyên khoa 1', '0706044438', 'TH004');
INSERT INTO doctor (id, name, address, degree, phone, department_id) VALUES ('TBDTNK001', N'Hồ Phương Hoạt', N'15 Nguyễn Trãi, TP Vĩnh Yên, Vĩnh Phúc', N'Bác sĩ chuyên khoa 2', '0769748532', 'TB001');
INSERT INTO doctor (id, name, address, degree, phone, department_id) VALUES ('TBDTNK002', N'Lý Quảng Lai', N'203 Đội Cấn, Ba Đình, Hà Nội', N'Bác sĩ chuyên khoa 2', '0563434322', 'TB001');
INSERT INTO doctor (id, name, address, degree, phone, department_id) VALUES ('TBDTNK003', N'Võ Anh Tường', N'101 Đường Trần Hưng Đạo, TP Nam Định, Nam Định', N'Bác sĩ đa khoa', '0374766470', 'TB001');
INSERT INTO doctor (id, name, address, degree, phone, department_id) VALUES ('TBDTNK004', N'Phùng Vinh Lai', N'34 Nguyễn Tất Thành, Vĩnh Yên, Vĩnh Phúc', N'Bác sĩ chuyên khoa 2', '0535395343', 'TB001');
INSERT INTO doctor (id, name, address, degree, phone, department_id) VALUES ('TBDTNK005', N'Đoàn Hạnh Nhã', N'56 Lê Lợi, TP Thanh Hóa, Thanh Hóa', N'Bác sĩ chuyên khoa 2', '0596172575', 'TB001');
INSERT INTO doctor (id, name, address, degree, phone, department_id) VALUES ('TBDTNGK001', N'Kiều Khởi Kiên', N'18 Đường 2/9, Hải Châu, Đà Nẵng', N'Bác sĩ đa khoa', '0705295618', 'TB002');
INSERT INTO doctor (id, name, address, degree, phone, department_id) VALUES ('TBDTNGK002', N'Đỗ Bá Mẫn', N'203 Đội Cấn, Ba Đình, Hà Nội', N'Bác sĩ chuyên khoa 1', '0839281045', 'TB002');
INSERT INTO doctor (id, name, address, degree, phone, department_id) VALUES ('TBDTNGK003', N'Hồ Ðồng Nghĩa', N'56 Lê Lợi, TP Thanh Hóa, Thanh Hóa', N'Bác sĩ đa khoa', '0954567392', 'TB002');
INSERT INTO doctor (id, name, address, degree, phone, department_id) VALUES ('TBDTNGK004', N'Mai Thu Cơ', N'41 Hùng Vương, TP Nam Định, Nam Định', N'Bác sĩ chuyên khoa 2', '0992261100', 'TB002');
INSERT INTO doctor (id, name, address, degree, phone, department_id) VALUES ('TBDTNGK005', N'Tống Khôi Cần', N'101 Đường Trần Hưng Đạo, TP Nam Định, Nam Định', N'Bác sĩ chuyên khoa 1', '0774697669', 'TB002');
INSERT INTO doctor (id, name, address, degree, phone, department_id) VALUES ('TBDTSK001', N'Doãn Thiếu Kiếm', N'23 Quang Trung, TP Thái Bình, Thái Bình', N'Bác sĩ chuyên khoa 1', '0301375216', 'TB003');
INSERT INTO doctor (id, name, address, degree, phone, department_id) VALUES ('TBDTSK002', N'Lưu Tất Vu', N'203 Đội Cấn, Ba Đình, Hà Nội', N'Bác sĩ chuyên khoa 1', '0958760268', 'TB003');
INSERT INTO doctor (id, name, address, degree, phone, department_id) VALUES ('TBDTSK003', N'Lưu Thuận Cao', N'23 Quang Trung, TP Thái Bình, Thái Bình', N'Bác sĩ chuyên khoa 1', '0569156403', 'TB003');
INSERT INTO doctor (id, name, address, degree, phone, department_id) VALUES ('TBDTSK004', N'Ngô Văn Doanh', N'23 Quang Trung, TP Thái Bình, Thái Bình', N'Bác sĩ chuyên khoa 1', '0862985433', 'TB003');
INSERT INTO doctor (id, name, address, degree, phone, department_id) VALUES ('TBDTSK005', N'Trịnh An Vũ', N'203 Đội Cấn, Ba Đình, Hà Nội', N'Bác sĩ chuyên khoa 1', '0913767259', 'TB003');
INSERT INTO doctor (id, name, address, degree, phone, department_id) VALUES ('TBDTNKH001', N'Trần Danh Bửu', N'41 Hùng Vương, TP Nam Định, Nam Định', N'Bác sĩ đa khoa', '0330428196', 'TB004');
INSERT INTO doctor (id, name, address, degree, phone, department_id) VALUES ('TBDTNKH002', N'Triệu Khôi Tụ', N'34 Nguyễn Tất Thành, Vĩnh Yên, Vĩnh Phúc', N'Bác sĩ chuyên khoa 1', '0892539588', 'TB004');
INSERT INTO doctor (id, name, address, degree, phone, department_id) VALUES ('TBDTNKH003', N'Tạ Liên Từ', N'34 Nguyễn Tất Thành, Vĩnh Yên, Vĩnh Phúc', N'Bác sĩ đa khoa', '0778568443', 'TB004');
INSERT INTO doctor (id, name, address, degree, phone, department_id) VALUES ('TBDTNKH004', N'Thân Kỳ Hưng', N'101 Đường Trần Hưng Đạo, TP Nam Định, Nam Định', N'Bác sĩ chuyên khoa 2', '0827077836', 'TB004');
INSERT INTO doctor (id, name, address, degree, phone, department_id) VALUES ('TBDTNKH005', N'Triệu Bửu Duyệt', N'15 Nguyễn Trãi, TP Vĩnh Yên, Vĩnh Phúc', N'Bác sĩ chuyên khoa 2', '0788454746', 'TB004');
INSERT INTO doctor (id, name, address, degree, phone, department_id) VALUES ('NDDTNK001', N'Đàm Sơn Lộ', N'18 Đường 2/9, Hải Châu, Đà Nẵng', N'Bác sĩ chuyên khoa 2', '0868883377', 'ND001');
INSERT INTO doctor (id, name, address, degree, phone, department_id) VALUES ('NDDTNK002', N'Cù Hoàng Miên', N'101 Đường Trần Hưng Đạo, TP Nam Định, Nam Định', N'Bác sĩ chuyên khoa 2', '0940684690', 'ND001');
INSERT INTO doctor (id, name, address, degree, phone, department_id) VALUES ('NDDTNK003', N'Mã Minh Sa', N'55 Lê Lợi, TP Bắc Giang, Bắc Giang', N'Bác sĩ đa khoa', '0355710862', 'ND001');
INSERT INTO doctor (id, name, address, degree, phone, department_id) VALUES ('NDDTNK004', N'Lăng Quyết Liêm', N'203 Đội Cấn, Ba Đình, Hà Nội', N'Bác sĩ chuyên khoa 1', '0984250992', 'ND001');
INSERT INTO doctor (id, name, address, degree, phone, department_id) VALUES ('NDDTNK005', N'Lỗ Quốc Nghị', N'101 Đường Trần Hưng Đạo, TP Nam Định, Nam Định', N'Bác sĩ chuyên khoa 1', '0813326083', 'ND001');
INSERT INTO doctor (id, name, address, degree, phone, department_id) VALUES ('NDDTNGK001', N'Vũ Viết Chinh', N'41 Hùng Vương, TP Nam Định, Nam Định', N'Bác sĩ chuyên khoa 2', '0889728212', 'ND002');
INSERT INTO doctor (id, name, address, degree, phone, department_id) VALUES ('NDDTNGK002', N'Đinh Triệu Cao', N'34 Nguyễn Tất Thành, Vĩnh Yên, Vĩnh Phúc', N'Bác sĩ chuyên khoa 1', '0957027115', 'ND002');
INSERT INTO doctor (id, name, address, degree, phone, department_id) VALUES ('NDDTNGK003', N'Ung Tất Luân', N'23 Quang Trung, TP Thái Bình, Thái Bình', N'Bác sĩ chuyên khoa 1', '0892884072', 'ND002');
INSERT INTO doctor (id, name, address, degree, phone, department_id) VALUES ('NDDTNGK004', N'Võ Nam Ðiệp', N'55 Lê Lợi, TP Bắc Giang, Bắc Giang', N'Bác sĩ đa khoa', '0754665891', 'ND002');
INSERT INTO doctor (id, name, address, degree, phone, department_id) VALUES ('NDDTNGK005', N'Tống Bảo Nhiên', N'41 Hùng Vương, TP Nam Định, Nam Định', N'Bác sĩ đa khoa', '0964761009', 'ND002');
INSERT INTO doctor (id, name, address, degree, phone, department_id) VALUES ('NDDTSK001', N'Đinh Hoàng Võ', N'23 Quang Trung, TP Thái Bình, Thái Bình', N'Bác sĩ chuyên khoa 1', '0839655786', 'ND003');
INSERT INTO doctor (id, name, address, degree, phone, department_id) VALUES ('NDDTSK002', N'Quách Khang Cần', N'18 Đường 2/9, Hải Châu, Đà Nẵng', N'Bác sĩ đa khoa', '0842393960', 'ND003');
INSERT INTO doctor (id, name, address, degree, phone, department_id) VALUES ('NDDTSK003', N'Kiều Danh Tiếp', N'56 Lê Lợi, TP Thanh Hóa, Thanh Hóa', N'Bác sĩ chuyên khoa 2', '0365072150', 'ND003');
INSERT INTO doctor (id, name, address, degree, phone, department_id) VALUES ('NDDTSK004', N'Lại Hoàn Nhu', N'23 Quang Trung, TP Thái Bình, Thái Bình', N'Bác sĩ chuyên khoa 2', '0929957181', 'ND003');
INSERT INTO doctor (id, name, address, degree, phone, department_id) VALUES ('NDDTSK005', N'Lê Thụy Nhật', N'12 Trần Duy Hưng, Cầu Giấy, Hà Nội', N'Bác sĩ đa khoa', '0707574751', 'ND003');
INSERT INTO doctor (id, name, address, degree, phone, department_id) VALUES ('NDDTNKH001', N'Châu Tường Tuyển', N'34 Nguyễn Tất Thành, Vĩnh Yên, Vĩnh Phúc', N'Bác sĩ chuyên khoa 1', '0904464900', 'ND004');
INSERT INTO doctor (id, name, address, degree, phone, department_id) VALUES ('NDDTNKH002', N'Cù Ðạt Luận', N'41 Hùng Vương, TP Nam Định, Nam Định', N'Bác sĩ chuyên khoa 2', '0553954607', 'ND004');
INSERT INTO doctor (id, name, address, degree, phone, department_id) VALUES ('NDDTNKH003', N'Tào Quảng Kiên', N'55 Lê Lợi, TP Bắc Giang, Bắc Giang', N'Bác sĩ chuyên khoa 1', '0837332964', 'ND004');
INSERT INTO doctor (id, name, address, degree, phone, department_id) VALUES ('NDDTNKH004', N'Đặng Cương Thuận', N'56 Lê Lợi, TP Thanh Hóa, Thanh Hóa', N'Bác sĩ chuyên khoa 2', '0785553136', 'ND004');
INSERT INTO doctor (id, name, address, degree, phone, department_id) VALUES ('NDDTNKH005', N'Chế Khoa Ngôn', N'18 Đường 2/9, Hải Châu, Đà Nẵng', N'Bác sĩ đa khoa', '0551483512', 'ND004');
INSERT INTO doctor (id, name, address, degree, phone, department_id) VALUES ('VPDTNK001', N'Tăng Thông Bổng', N'41 Hùng Vương, TP Nam Định, Nam Định', N'Bác sĩ chuyên khoa 2', '0702793116', 'VP001');
INSERT INTO doctor (id, name, address, degree, phone, department_id) VALUES ('VPDTNK002', N'Hà Trúc Ca', N'56 Lê Lợi, TP Thanh Hóa, Thanh Hóa', N'Bác sĩ chuyên khoa 2', '0524337750', 'VP001');
INSERT INTO doctor (id, name, address, degree, phone, department_id) VALUES ('VPDTNK003', N'Hồ Ðức Chinh', N'56 Lê Lợi, TP Thanh Hóa, Thanh Hóa', N'Bác sĩ chuyên khoa 1', '0864427142', 'VP001');
INSERT INTO doctor (id, name, address, degree, phone, department_id) VALUES ('VPDTNK004', N'Ung Uy Nghiệp', N'12 Trần Duy Hưng, Cầu Giấy, Hà Nội', N'Bác sĩ đa khoa', '0890297721', 'VP001');
INSERT INTO doctor (id, name, address, degree, phone, department_id) VALUES ('VPDTNK005', N'Tào Gia Giác', N'55 Lê Lợi, TP Bắc Giang, Bắc Giang', N'Bác sĩ chuyên khoa 2', '0358808009', 'VP001');
INSERT INTO doctor (id, name, address, degree, phone, department_id) VALUES ('VPDTNGK001', N'Vương Phụng Thạch', N'55 Lê Lợi, TP Bắc Giang, Bắc Giang', N'Bác sĩ chuyên khoa 1', '0949194634', 'VP002');
INSERT INTO doctor (id, name, address, degree, phone, department_id) VALUES ('VPDTNGK002', N'Lò Phương Tấn', N'15 Nguyễn Trãi, TP Vĩnh Yên, Vĩnh Phúc', N'Bác sĩ đa khoa', '0887270651', 'VP002');
INSERT INTO doctor (id, name, address, degree, phone, department_id) VALUES ('VPDTNGK003', N'Nhâm Từ Hạnh', N'101 Đường Trần Hưng Đạo, TP Nam Định, Nam Định', N'Bác sĩ đa khoa', '0321170964', 'VP002');
INSERT INTO doctor (id, name, address, degree, phone, department_id) VALUES ('VPDTNGK004', N'Vũ Trường Nhật', N'18 Đường 2/9, Hải Châu, Đà Nẵng', N'Bác sĩ đa khoa', '0804320534', 'VP002');
INSERT INTO doctor (id, name, address, degree, phone, department_id) VALUES ('VPDTNGK005', N'Nông Khoa Danh', N'56 Lê Lợi, TP Thanh Hóa, Thanh Hóa', N'Bác sĩ chuyên khoa 2', '0554578486', 'VP002');
INSERT INTO doctor (id, name, address, degree, phone, department_id) VALUES ('VPDTSK001', N'Tống Tất Hảo', N'12 Trần Duy Hưng, Cầu Giấy, Hà Nội', N'Bác sĩ chuyên khoa 1', '0988906079', 'VP003');
INSERT INTO doctor (id, name, address, degree, phone, department_id) VALUES ('VPDTSK002', N'Nhữ Nghĩa Lý', N'55 Lê Lợi, TP Bắc Giang, Bắc Giang', N'Bác sĩ chuyên khoa 1', '0760633532', 'VP003');
INSERT INTO doctor (id, name, address, degree, phone, department_id) VALUES ('VPDTSK003', N'Nguỵ Chuẩn Hàm', N'18 Đường 2/9, Hải Châu, Đà Nẵng', N'Bác sĩ chuyên khoa 1', '0817056317', 'VP003');
INSERT INTO doctor (id, name, address, degree, phone, department_id) VALUES ('VPDTSK004', N'Tăng Thái Quế', N'12 Trần Duy Hưng, Cầu Giấy, Hà Nội', N'Bác sĩ chuyên khoa 1', '0712942108', 'VP003');
INSERT INTO doctor (id, name, address, degree, phone, department_id) VALUES ('VPDTSK005', N'Trình Thiện Vĩ', N'12 Trần Duy Hưng, Cầu Giấy, Hà Nội', N'Bác sĩ chuyên khoa 2', '0786511669', 'VP003');
INSERT INTO doctor (id, name, address, degree, phone, department_id) VALUES ('VPDTNKH001', N'Châu Phong Quốc', N'101 Đường Trần Hưng Đạo, TP Nam Định, Nam Định', N'Bác sĩ chuyên khoa 1', '0527453848', 'VP004');
INSERT INTO doctor (id, name, address, degree, phone, department_id) VALUES ('VPDTNKH002', N'Vương Phượng Tổ', N'34 Nguyễn Tất Thành, Vĩnh Yên, Vĩnh Phúc', N'Bác sĩ chuyên khoa 1', '0559881268', 'VP004');
INSERT INTO doctor (id, name, address, degree, phone, department_id) VALUES ('VPDTNKH003', N'Trương Danh Mẫn', N'56 Lê Lợi, TP Thanh Hóa, Thanh Hóa', N'Bác sĩ đa khoa', '0745809889', 'VP004');
INSERT INTO doctor (id, name, address, degree, phone, department_id) VALUES ('VPDTNKH004', N'Chế Nhật Trưởng', N'18 Đường 2/9, Hải Châu, Đà Nẵng', N'Bác sĩ đa khoa', '0893098671', 'VP004');
INSERT INTO doctor (id, name, address, degree, phone, department_id) VALUES ('VPDTNKH005', N'Tống Vĩnh Hải An', N'203 Đội Cấn, Ba Đình, Hà Nội', N'Bác sĩ chuyên khoa 1', '0500285751', 'VP004');
INSERT INTO doctor (id, name, address, degree, phone, department_id) VALUES ('DNDTNK001', N'Lê Khuyến Dương', N'12 Trần Duy Hưng, Cầu Giấy, Hà Nội', N'Bác sĩ đa khoa', '0866084565', 'DN001');
INSERT INTO doctor (id, name, address, degree, phone, department_id) VALUES ('DNDTNK002', N'Mã Phụng An', N'41 Hùng Vương, TP Nam Định, Nam Định', N'Bác sĩ chuyên khoa 1', '0351653957', 'DN001');
INSERT INTO doctor (id, name, address, degree, phone, department_id) VALUES ('DNDTNK003', N'Phan Sơn Châu', N'55 Lê Lợi, TP Bắc Giang, Bắc Giang', N'Bác sĩ chuyên khoa 1', '0773026157', 'DN001');
INSERT INTO doctor (id, name, address, degree, phone, department_id) VALUES ('DNDTNK004', N'Châu Mạnh Vượng', N'18 Đường 2/9, Hải Châu, Đà Nẵng', N'Bác sĩ chuyên khoa 2', '0386941179', 'DN001');
INSERT INTO doctor (id, name, address, degree, phone, department_id) VALUES ('DNDTNK005', N'Mã Hạo Châu', N'101 Đường Trần Hưng Đạo, TP Nam Định, Nam Định', N'Bác sĩ đa khoa', '0795952713', 'DN001');
INSERT INTO doctor (id, name, address, degree, phone, department_id) VALUES ('DNDTNGK001', N'Nguỵ Khai Duy', N'18 Đường 2/9, Hải Châu, Đà Nẵng', N'Bác sĩ chuyên khoa 1', '0878394495', 'DN002');
INSERT INTO doctor (id, name, address, degree, phone, department_id) VALUES ('DNDTNGK002', N'Tăng Chuẩn Thống', N'41 Hùng Vương, TP Nam Định, Nam Định', N'Bác sĩ đa khoa', '0521324714', 'DN002');
INSERT INTO doctor (id, name, address, degree, phone, department_id) VALUES ('DNDTNGK003', N'Châu Mạnh Thuật', N'34 Nguyễn Tất Thành, Vĩnh Yên, Vĩnh Phúc', N'Bác sĩ chuyên khoa 2', '0906386916', 'DN002');
INSERT INTO doctor (id, name, address, degree, phone, department_id) VALUES ('DNDTNGK004', N'Cao Ðạt Cường', N'101 Đường Trần Hưng Đạo, TP Nam Định, Nam Định', N'Bác sĩ chuyên khoa 2', '0739014340', 'DN002');
INSERT INTO doctor (id, name, address, degree, phone, department_id) VALUES ('DNDTNGK005', N'Ung Nam Tâm', N'18 Đường 2/9, Hải Châu, Đà Nẵng', N'Bác sĩ chuyên khoa 2', '0721743522', 'DN002');
INSERT INTO doctor (id, name, address, degree, phone, department_id) VALUES ('DNDTSK001', N'Lại Tôn Mạnh', N'203 Đội Cấn, Ba Đình, Hà Nội', N'Bác sĩ đa khoa', '0910179899', 'DN003');
INSERT INTO doctor (id, name, address, degree, phone, department_id) VALUES ('DNDTSK002', N'Cù Thiệu Vũ', N'34 Nguyễn Tất Thành, Vĩnh Yên, Vĩnh Phúc', N'Bác sĩ chuyên khoa 1', '0379675121', 'DN003');
INSERT INTO doctor (id, name, address, degree, phone, department_id) VALUES ('DNDTSK003', N'Bùi Mộng Yên', N'41 Hùng Vương, TP Nam Định, Nam Định', N'Bác sĩ chuyên khoa 1', '0885603975', 'DN003');
INSERT INTO doctor (id, name, address, degree, phone, department_id) VALUES ('DNDTSK004', N'Vương Chiêu Duyệt', N'18 Đường 2/9, Hải Châu, Đà Nẵng', N'Bác sĩ chuyên khoa 2', '0946387619', 'DN003');
INSERT INTO doctor (id, name, address, degree, phone, department_id) VALUES ('DNDTSK005', N'Trình Chánh Duy', N'15 Nguyễn Trãi, TP Vĩnh Yên, Vĩnh Phúc', N'Bác sĩ đa khoa', '0713739882', 'DN003');
INSERT INTO doctor (id, name, address, degree, phone, department_id) VALUES ('DNDTNKH001', N'Đồng Triệu Nghĩa', N'41 Hùng Vương, TP Nam Định, Nam Định', N'Bác sĩ chuyên khoa 2', '0951916768', 'DN004');
INSERT INTO doctor (id, name, address, degree, phone, department_id) VALUES ('DNDTNKH002', N'Bùi Chuẩn Chiến', N'41 Hùng Vương, TP Nam Định, Nam Định', N'Bác sĩ chuyên khoa 1', '0374646294', 'DN004');
INSERT INTO doctor (id, name, address, degree, phone, department_id) VALUES ('DNDTNKH003', N'Mạc Quốc Ðan', N'12 Trần Duy Hưng, Cầu Giấy, Hà Nội', N'Bác sĩ đa khoa', '0844318393', 'DN004');
INSERT INTO doctor (id, name, address, degree, phone, department_id) VALUES ('DNDTNKH004', N'Đồng Nghị Tùng', N'15 Nguyễn Trãi, TP Vĩnh Yên, Vĩnh Phúc', N'Bác sĩ đa khoa', '0721410984', 'DN004');
INSERT INTO doctor (id, name, address, degree, phone, department_id) VALUES ('DNDTNKH005', N'Ngô Thuận Nguyên', N'101 Đường Trần Hưng Đạo, TP Nam Định, Nam Định', N'Bác sĩ đa khoa', '0894840342', 'DN004');
INSERT INTO doctor (id, name, address, degree, phone, department_id) VALUES ('BGDTNK001', N'Chế Cát Lý', N'203 Đội Cấn, Ba Đình, Hà Nội', N'Bác sĩ chuyên khoa 2', '0820112340', 'BG001');
INSERT INTO doctor (id, name, address, degree, phone, department_id) VALUES ('BGDTNK002', N'Vũ Thông Huynh', N'18 Đường 2/9, Hải Châu, Đà Nẵng', N'Bác sĩ chuyên khoa 2', '0705729619', 'BG001');
INSERT INTO doctor (id, name, address, degree, phone, department_id) VALUES ('BGDTNK003', N'Nông Lập Quý', N'23 Quang Trung, TP Thái Bình, Thái Bình', N'Bác sĩ đa khoa', '0555013446', 'BG001');
INSERT INTO doctor (id, name, address, degree, phone, department_id) VALUES ('BGDTNK004', N'Ngô Tôn Nhạn', N'23 Quang Trung, TP Thái Bình, Thái Bình', N'Bác sĩ chuyên khoa 1', '0572385728', 'BG001');
INSERT INTO doctor (id, name, address, degree, phone, department_id) VALUES ('BGDTNK005', N'Nguỵ Vân Ðồng', N'55 Lê Lợi, TP Bắc Giang, Bắc Giang', N'Bác sĩ chuyên khoa 2', '0777604977', 'BG001');
INSERT INTO doctor (id, name, address, degree, phone, department_id) VALUES ('BGDTNGK001', N'Chế Thượng Trí', N'23 Quang Trung, TP Thái Bình, Thái Bình', N'Bác sĩ chuyên khoa 2', '0573825714', 'BG002');
INSERT INTO doctor (id, name, address, degree, phone, department_id) VALUES ('BGDTNGK002', N'Hồ Phong Khải', N'55 Lê Lợi, TP Bắc Giang, Bắc Giang', N'Bác sĩ chuyên khoa 2', '0598701236', 'BG002');
INSERT INTO doctor (id, name, address, degree, phone, department_id) VALUES ('BGDTNGK003', N'Mâu Gia Tịnh', N'15 Nguyễn Trãi, TP Vĩnh Yên, Vĩnh Phúc', N'Bác sĩ chuyên khoa 1', '0537766612', 'BG002');
INSERT INTO doctor (id, name, address, degree, phone, department_id) VALUES ('BGDTNGK004', N'Lâm Khương Miên', N'101 Đường Trần Hưng Đạo, TP Nam Định, Nam Định', N'Bác sĩ chuyên khoa 2', '0833972163', 'BG002');
INSERT INTO doctor (id, name, address, degree, phone, department_id) VALUES ('BGDTNGK005', N'Nhâm Ðông Minh', N'12 Trần Duy Hưng, Cầu Giấy, Hà Nội', N'Bác sĩ chuyên khoa 1', '0934242596', 'BG002');
INSERT INTO doctor (id, name, address, degree, phone, department_id) VALUES ('BGDTSK001', N'Đỗ Trí Kỷ', N'101 Đường Trần Hưng Đạo, TP Nam Định, Nam Định', N'Bác sĩ đa khoa', '0522134619', 'BG003');
INSERT INTO doctor (id, name, address, degree, phone, department_id) VALUES ('BGDTSK002', N'Quách Tùng Trang', N'203 Đội Cấn, Ba Đình, Hà Nội', N'Bác sĩ chuyên khoa 2', '0372207627', 'BG003');
INSERT INTO doctor (id, name, address, degree, phone, department_id) VALUES ('BGDTSK003', N'Huỳnh Phú Hoạt', N'12 Trần Duy Hưng, Cầu Giấy, Hà Nội', N'Bác sĩ chuyên khoa 1', '0817820269', 'BG003');
INSERT INTO doctor (id, name, address, degree, phone, department_id) VALUES ('BGDTSK004', N'Ma Quốc Vương', N'15 Nguyễn Trãi, TP Vĩnh Yên, Vĩnh Phúc', N'Bác sĩ chuyên khoa 1', '0384111421', 'BG003');
INSERT INTO doctor (id, name, address, degree, phone, department_id) VALUES ('BGDTSK005', N'Mã Thu Huy', N'23 Quang Trung, TP Thái Bình, Thái Bình', N'Bác sĩ chuyên khoa 2', '0885061132', 'BG003');
INSERT INTO doctor (id, name, address, degree, phone, department_id) VALUES ('BGDTNKH001', N'Phan Hoàng Thuyết', N'34 Nguyễn Tất Thành, Vĩnh Yên, Vĩnh Phúc', N'Bác sĩ chuyên khoa 1', '0755232641', 'BG004');
INSERT INTO doctor (id, name, address, degree, phone, department_id) VALUES ('BGDTNKH002', N'Đoàn Trung Năng', N'18 Đường 2/9, Hải Châu, Đà Nẵng', N'Bác sĩ chuyên khoa 2', '0321176454', 'BG004');
INSERT INTO doctor (id, name, address, degree, phone, department_id) VALUES ('BGDTNKH003', N'Lò Viễn Ðạt', N'15 Nguyễn Trãi, TP Vĩnh Yên, Vĩnh Phúc', N'Bác sĩ chuyên khoa 1', '0570505551', 'BG004');
INSERT INTO doctor (id, name, address, degree, phone, department_id) VALUES ('BGDTNKH004', N'Trương Quân Duệ', N'101 Đường Trần Hưng Đạo, TP Nam Định, Nam Định', N'Bác sĩ chuyên khoa 2', '0548401455', 'BG004');
INSERT INTO doctor (id, name, address, degree, phone, department_id) VALUES ('BGDTNKH005', N'Bành Nhật Liêm', N'12 Trần Duy Hưng, Cầu Giấy, Hà Nội', N'Bác sĩ chuyên khoa 2', '0350309909', 'BG004');

-- Patient
INSERT INTO patient (id, name, address, dob, gender, phone, department_id) VALUES ('HNPTNK001', N'Ma Phi Hội', N'23 Quang Trung, TP Thái Bình, Thái Bình', '2021-09-08', N'Nữ', '0793893665', 'HN001');
INSERT INTO patient (id, name, address, dob, gender, phone, department_id) VALUES ('HNPTNK002', N'Đoàn Giang Võ', N'55 Lê Lợi, TP Bắc Giang, Bắc Giang', '2006-05-08', N'Nam', '0387947432', 'HN001');
INSERT INTO patient (id, name, address, dob, gender, phone, department_id) VALUES ('HNPTNK003', N'Nhâm Đức Luật', N'101 Đường Trần Hưng Đạo, TP Nam Định, Nam Định', '1949-09-25', N'Nam', '0869820546', 'HN001');
INSERT INTO patient (id, name, address, dob, gender, phone, department_id) VALUES ('HNPTNK004', N'Lò Cao Tấn', N'203 Đội Cấn, Ba Đình, Hà Nội', '1966-04-09', N'Nam', '0919295578', 'HN001');
INSERT INTO patient (id, name, address, dob, gender, phone, department_id) VALUES ('HNPTNK005', N'Mạc Ðoàn Tuyển', N'101 Đường Trần Hưng Đạo, TP Nam Định, Nam Định', '1990-08-30', N'Nữ', '0709896449', 'HN001');
INSERT INTO patient (id, name, address, dob, gender, phone, department_id) VALUES ('HNPTNK006', N'Ung Kim Thể', N'55 Lê Lợi, TP Bắc Giang, Bắc Giang', '1954-09-07', N'Nữ', '0815228140', 'HN001');
INSERT INTO patient (id, name, address, dob, gender, phone, department_id) VALUES ('HNPTNK007', N'Tạ Thời Việt', N'23 Quang Trung, TP Thái Bình, Thái Bình', '1987-03-29', N'Nam', '0726980712', 'HN001');
INSERT INTO patient (id, name, address, dob, gender, phone, department_id) VALUES ('HNPTNK008', N'Đàm Hán Khoan', N'203 Đội Cấn, Ba Đình, Hà Nội', '1962-10-21', N'Nữ', '0790991942', 'HN001');
INSERT INTO patient (id, name, address, dob, gender, phone, department_id) VALUES ('HNPTNK009', N'Phí Hồng Ý', N'18 Đường 2/9, Hải Châu, Đà Nẵng', '1972-11-24', N'Nữ', '0853254094', 'HN001');
INSERT INTO patient (id, name, address, dob, gender, phone, department_id) VALUES ('HNPTNK010', N'Lã Nghị Nguyên', N'55 Lê Lợi, TP Bắc Giang, Bắc Giang', '1940-08-06', N'Nam', '0305572125', 'HN001');
INSERT INTO patient (id, name, address, dob, gender, phone, department_id) VALUES ('HNPTNGK001', N'Triệu Thiệu Pháp', N'34 Nguyễn Tất Thành, Vĩnh Yên, Vĩnh Phúc', '2000-11-16', N'Nữ', '0817174956', 'HN002');
INSERT INTO patient (id, name, address, dob, gender, phone, department_id) VALUES ('HNPTNGK002', N'Ung Bữu Ðăng', N'12 Trần Duy Hưng, Cầu Giấy, Hà Nội', '1935-03-31', N'Nữ', '0382705366', 'HN002');
INSERT INTO patient (id, name, address, dob, gender, phone, department_id) VALUES ('HNPTNGK003', N'Trần Bách Ẩn', N'15 Nguyễn Trãi, TP Vĩnh Yên, Vĩnh Phúc', '2009-06-15', N'Nữ', '0907525649', 'HN002');
INSERT INTO patient (id, name, address, dob, gender, phone, department_id) VALUES ('HNPTNGK004', N'Đỗ Cường Văn', N'23 Quang Trung, TP Thái Bình, Thái Bình', '1967-03-04', N'Nam', '0558233459', 'HN002');
INSERT INTO patient (id, name, address, dob, gender, phone, department_id) VALUES ('HNPTNGK005', N'Mạc Viết Ðạt', N'12 Trần Duy Hưng, Cầu Giấy, Hà Nội', '1947-02-06', N'Nữ', '0834670863', 'HN002');
INSERT INTO patient (id, name, address, dob, gender, phone, department_id) VALUES ('HNPTNGK006', N'Ung Cảnh Kiện', N'101 Đường Trần Hưng Đạo, TP Nam Định, Nam Định', '2011-07-07', N'Nữ', '0700985093', 'HN002');
INSERT INTO patient (id, name, address, dob, gender, phone, department_id) VALUES ('HNPTNGK007', N'Hà Yên Tâm', N'56 Lê Lợi, TP Thanh Hóa, Thanh Hóa', '1975-02-09', N'Nam', '0528383719', 'HN002');
INSERT INTO patient (id, name, address, dob, gender, phone, department_id) VALUES ('HNPTNGK008', N'Trình Long Chương', N'56 Lê Lợi, TP Thanh Hóa, Thanh Hóa', '1993-11-11', N'Nam', '0937937029', 'HN002');
INSERT INTO patient (id, name, address, dob, gender, phone, department_id) VALUES ('HNPTNGK009', N'Lăng Minh Yên', N'55 Lê Lợi, TP Bắc Giang, Bắc Giang', '1993-02-24', N'Nam', '0560677017', 'HN002');
INSERT INTO patient (id, name, address, dob, gender, phone, department_id) VALUES ('HNPTNGK010', N'Phan Kim Quảng', N'56 Lê Lợi, TP Thanh Hóa, Thanh Hóa', '1946-10-31', N'Nam', '0747104551', 'HN002');
INSERT INTO patient (id, name, address, dob, gender, phone, department_id) VALUES ('HNPTSK001', N'Nhan Thịnh Diệu', N'41 Hùng Vương, TP Nam Định, Nam Định', '2015-10-08', N'Nữ', '0804775925', 'HN003');
INSERT INTO patient (id, name, address, dob, gender, phone, department_id) VALUES ('HNPTSK002', N'Hứa Ðịnh Lợi', N'34 Nguyễn Tất Thành, Vĩnh Yên, Vĩnh Phúc', '1970-11-27', N'Nữ', '0304440226', 'HN003');
INSERT INTO patient (id, name, address, dob, gender, phone, department_id) VALUES ('HNPTSK003', N'Thân Dân Hà', N'34 Nguyễn Tất Thành, Vĩnh Yên, Vĩnh Phúc', '1935-04-19', N'Nữ', '0783844865', 'HN003');
INSERT INTO patient (id, name, address, dob, gender, phone, department_id) VALUES ('HNPTSK004', N'Ngô Tiểu Kha', N'203 Đội Cấn, Ba Đình, Hà Nội', '1977-02-19', N'Nam', '0892645238', 'HN003');
INSERT INTO patient (id, name, address, dob, gender, phone, department_id) VALUES ('HNPTSK005', N'Nhữ Đăng Kha', N'41 Hùng Vương, TP Nam Định, Nam Định', '2008-08-20', N'Nam', '0507927808', 'HN003');
INSERT INTO patient (id, name, address, dob, gender, phone, department_id) VALUES ('HNPTSK006', N'Triệu Ðịnh Nghĩa', N'101 Đường Trần Hưng Đạo, TP Nam Định, Nam Định', '1968-10-06', N'Nam', '0870944596', 'HN003');
INSERT INTO patient (id, name, address, dob, gender, phone, department_id) VALUES ('HNPTSK007', N'Nhữ Vũ Vịnh', N'41 Hùng Vương, TP Nam Định, Nam Định', '2021-03-26', N'Nam', '0976360963', 'HN003');
INSERT INTO patient (id, name, address, dob, gender, phone, department_id) VALUES ('HNPTSK008', N'Tào Dân Ánh', N'56 Lê Lợi, TP Thanh Hóa, Thanh Hóa', '1969-08-03', N'Nam', '0575623466', 'HN003');
INSERT INTO patient (id, name, address, dob, gender, phone, department_id) VALUES ('HNPTSK009', N'Nhâm Bảo Triều', N'56 Lê Lợi, TP Thanh Hóa, Thanh Hóa', '1974-08-02', N'Nữ', '0919134244', 'HN003');
INSERT INTO patient (id, name, address, dob, gender, phone, department_id) VALUES ('HNPTSK010', N'Thái Kim Cường', N'34 Nguyễn Tất Thành, Vĩnh Yên, Vĩnh Phúc', '1940-06-16', N'Nam', '0986619211', 'HN003');
INSERT INTO patient (id, name, address, dob, gender, phone, department_id) VALUES ('HNPTNKH001', N'Tôn Hoàn Thạch', N'23 Quang Trung, TP Thái Bình, Thái Bình', '1959-09-29', N'Nữ', '0806153727', 'HN004');
INSERT INTO patient (id, name, address, dob, gender, phone, department_id) VALUES ('HNPTNKH002', N'Vương Ðại Vịnh', N'23 Quang Trung, TP Thái Bình, Thái Bình', '1984-02-28', N'Nữ', '0342856565', 'HN004');
INSERT INTO patient (id, name, address, dob, gender, phone, department_id) VALUES ('HNPTNKH003', N'Nhan Quý Hoàn', N'34 Nguyễn Tất Thành, Vĩnh Yên, Vĩnh Phúc', '2018-01-03', N'Nam', '0332131355', 'HN004');
INSERT INTO patient (id, name, address, dob, gender, phone, department_id) VALUES ('HNPTNKH004', N'Khương Tài Võ', N'23 Quang Trung, TP Thái Bình, Thái Bình', '2009-11-24', N'Nam', '0821868941', 'HN004');
INSERT INTO patient (id, name, address, dob, gender, phone, department_id) VALUES ('HNPTNKH005', N'Võ Thạch Trực', N'55 Lê Lợi, TP Bắc Giang, Bắc Giang', '2001-04-19', N'Nữ', '0840072251', 'HN004');
INSERT INTO patient (id, name, address, dob, gender, phone, department_id) VALUES ('HNPTNKH006', N'Vũ Tân Xuân', N'15 Nguyễn Trãi, TP Vĩnh Yên, Vĩnh Phúc', '1949-10-13', N'Nam', '0778380759', 'HN004');
INSERT INTO patient (id, name, address, dob, gender, phone, department_id) VALUES ('HNPTNKH007', N'Lò Khương Cần', N'203 Đội Cấn, Ba Đình, Hà Nội', '1970-02-22', N'Nữ', '0949728537', 'HN004');
INSERT INTO patient (id, name, address, dob, gender, phone, department_id) VALUES ('HNPTNKH008', N'Hứa Trí Hải An', N'101 Đường Trần Hưng Đạo, TP Nam Định, Nam Định', '1962-07-17', N'Nam', '0532537228', 'HN004');
INSERT INTO patient (id, name, address, dob, gender, phone, department_id) VALUES ('HNPTNKH009', N'Dương Phong Cơ', N'34 Nguyễn Tất Thành, Vĩnh Yên, Vĩnh Phúc', '2023-08-23', N'Nam', '0327876452', 'HN004');
INSERT INTO patient (id, name, address, dob, gender, phone, department_id) VALUES ('HNPTNKH010', N'Phạm Quảng Ðăng', N'56 Lê Lợi, TP Thanh Hóa, Thanh Hóa', '1989-03-15', N'Nữ', '0744588096', 'HN004');
INSERT INTO patient (id, name, address, dob, gender, phone, department_id) VALUES ('THPTNK001', N'Cù Thế Tâm', N'101 Đường Trần Hưng Đạo, TP Nam Định, Nam Định', '1992-11-06', N'Nam', '0828355436', 'TH001');
INSERT INTO patient (id, name, address, dob, gender, phone, department_id) VALUES ('THPTNK002', N'Châu Ðắc Tịnh', N'12 Trần Duy Hưng, Cầu Giấy, Hà Nội', '1951-04-14', N'Nam', '0849499838', 'TH001');
INSERT INTO patient (id, name, address, dob, gender, phone, department_id) VALUES ('THPTNK003', N'Đào Tùng Quảng', N'34 Nguyễn Tất Thành, Vĩnh Yên, Vĩnh Phúc', '1945-08-05', N'Nữ', '0306774002', 'TH001');
INSERT INTO patient (id, name, address, dob, gender, phone, department_id) VALUES ('THPTNK004', N'Đồng Tích Kiếm', N'15 Nguyễn Trãi, TP Vĩnh Yên, Vĩnh Phúc', '1994-12-13', N'Nam', '0968941037', 'TH001');
INSERT INTO patient (id, name, address, dob, gender, phone, department_id) VALUES ('THPTNK005', N'Đỗ Kiệt Quyền', N'34 Nguyễn Tất Thành, Vĩnh Yên, Vĩnh Phúc', '1953-01-14', N'Nữ', '0366056132', 'TH001');
INSERT INTO patient (id, name, address, dob, gender, phone, department_id) VALUES ('THPTNK006', N'Quách Trí Thủy', N'101 Đường Trần Hưng Đạo, TP Nam Định, Nam Định', '1946-03-05', N'Nam', '0375393120', 'TH001');
INSERT INTO patient (id, name, address, dob, gender, phone, department_id) VALUES ('THPTNK007', N'Bùi Tường Nghị', N'101 Đường Trần Hưng Đạo, TP Nam Định, Nam Định', '2004-11-03', N'Nam', '0820894145', 'TH001');
INSERT INTO patient (id, name, address, dob, gender, phone, department_id) VALUES ('THPTNK008', N'Nhữ Kim Giang', N'55 Lê Lợi, TP Bắc Giang, Bắc Giang', '2011-09-25', N'Nữ', '0751490502', 'TH001');
INSERT INTO patient (id, name, address, dob, gender, phone, department_id) VALUES ('THPTNK009', N'Phí Thạch Mạnh', N'15 Nguyễn Trãi, TP Vĩnh Yên, Vĩnh Phúc', '1990-12-01', N'Nữ', '0805623528', 'TH001');
INSERT INTO patient (id, name, address, dob, gender, phone, department_id) VALUES ('THPTNK010', N'Phí Thụy Cương', N'34 Nguyễn Tất Thành, Vĩnh Yên, Vĩnh Phúc', '1993-12-01', N'Nam', '0929160661', 'TH001');
INSERT INTO patient (id, name, address, dob, gender, phone, department_id) VALUES ('THPTNGK001', N'Dương Vũ Ánh', N'23 Quang Trung, TP Thái Bình, Thái Bình', '2001-12-08', N'Nữ', '0558237871', 'TH002');
INSERT INTO patient (id, name, address, dob, gender, phone, department_id) VALUES ('THPTNGK002', N'Nguỵ Phụng Luân', N'15 Nguyễn Trãi, TP Vĩnh Yên, Vĩnh Phúc', '1943-01-26', N'Nữ', '0564508117', 'TH002');
INSERT INTO patient (id, name, address, dob, gender, phone, department_id) VALUES ('THPTNGK003', N'Lăng Thái Án', N'12 Trần Duy Hưng, Cầu Giấy, Hà Nội', '1936-01-18', N'Nam', '0943198597', 'TH002');
INSERT INTO patient (id, name, address, dob, gender, phone, department_id) VALUES ('THPTNGK004', N'Lâm Kỳ Lân', N'55 Lê Lợi, TP Bắc Giang, Bắc Giang', '1977-12-02', N'Nữ', '0951602504', 'TH002');
INSERT INTO patient (id, name, address, dob, gender, phone, department_id) VALUES ('THPTNGK005', N'Ma Kiến Nhiên', N'56 Lê Lợi, TP Thanh Hóa, Thanh Hóa', '2009-08-26', N'Nữ', '0932772399', 'TH002');
INSERT INTO patient (id, name, address, dob, gender, phone, department_id) VALUES ('THPTNGK006', N'Vì Huân Hảo', N'12 Trần Duy Hưng, Cầu Giấy, Hà Nội', '1990-03-08', N'Nam', '0356603737', 'TH002');
INSERT INTO patient (id, name, address, dob, gender, phone, department_id) VALUES ('THPTNGK007', N'Đỗ Hiền Việt', N'101 Đường Trần Hưng Đạo, TP Nam Định, Nam Định', '1991-07-07', N'Nữ', '0991202848', 'TH002');
INSERT INTO patient (id, name, address, dob, gender, phone, department_id) VALUES ('THPTNGK008', N'Đặng Thường Dinh', N'15 Nguyễn Trãi, TP Vĩnh Yên, Vĩnh Phúc', '1952-07-19', N'Nữ', '0950612893', 'TH002');
INSERT INTO patient (id, name, address, dob, gender, phone, department_id) VALUES ('THPTNGK009', N'Mâu Quảng Luân', N'101 Đường Trần Hưng Đạo, TP Nam Định, Nam Định', '1944-07-16', N'Nam', '0375114459', 'TH002');
INSERT INTO patient (id, name, address, dob, gender, phone, department_id) VALUES ('THPTNGK010', N'Thái Kiên Toại', N'34 Nguyễn Tất Thành, Vĩnh Yên, Vĩnh Phúc', '1950-09-11', N'Nam', '0383762817', 'TH002');
INSERT INTO patient (id, name, address, dob, gender, phone, department_id) VALUES ('THPTSK001', N'Phí Thăng Chinh', N'34 Nguyễn Tất Thành, Vĩnh Yên, Vĩnh Phúc', '1969-10-13', N'Nam', '0998550171', 'TH003');
INSERT INTO patient (id, name, address, dob, gender, phone, department_id) VALUES ('THPTSK002', N'Lâm Ðinh Hỷ', N'55 Lê Lợi, TP Bắc Giang, Bắc Giang', '1985-01-14', N'Nam', '0559091680', 'TH003');
INSERT INTO patient (id, name, address, dob, gender, phone, department_id) VALUES ('THPTSK003', N'Đoàn Cảnh Tổ', N'12 Trần Duy Hưng, Cầu Giấy, Hà Nội', '1957-03-28', N'Nữ', '0843439241', 'TH003');
INSERT INTO patient (id, name, address, dob, gender, phone, department_id) VALUES ('THPTSK004', N'Mã Tấn Thanh', N'15 Nguyễn Trãi, TP Vĩnh Yên, Vĩnh Phúc', '1999-07-28', N'Nam', '0921185687', 'TH003');
INSERT INTO patient (id, name, address, dob, gender, phone, department_id) VALUES ('THPTSK005', N'Nhan Sỹ Vương', N'203 Đội Cấn, Ba Đình, Hà Nội', '1981-03-14', N'Nữ', '0820508284', 'TH003');
INSERT INTO patient (id, name, address, dob, gender, phone, department_id) VALUES ('THPTSK006', N'Lăng Ðức Ðộ', N'101 Đường Trần Hưng Đạo, TP Nam Định, Nam Định', '2023-10-10', N'Nam', '0757779593', 'TH003');
INSERT INTO patient (id, name, address, dob, gender, phone, department_id) VALUES ('THPTSK007', N'Huỳnh Hoàng Nhân', N'18 Đường 2/9, Hải Châu, Đà Nẵng', '2014-11-20', N'Nam', '0795519843', 'TH003');
INSERT INTO patient (id, name, address, dob, gender, phone, department_id) VALUES ('THPTSK008', N'Cao Cương Chưởng', N'101 Đường Trần Hưng Đạo, TP Nam Định, Nam Định', '2016-04-05', N'Nam', '0950921798', 'TH003');
INSERT INTO patient (id, name, address, dob, gender, phone, department_id) VALUES ('THPTSK009', N'Chử Bằng Hạnh', N'41 Hùng Vương, TP Nam Định, Nam Định', '1953-08-27', N'Nam', '0589393131', 'TH003');
INSERT INTO patient (id, name, address, dob, gender, phone, department_id) VALUES ('THPTSK010', N'Tào Trung Trình', N'18 Đường 2/9, Hải Châu, Đà Nẵng', '1958-01-31', N'Nữ', '0368372107', 'TH003');
INSERT INTO patient (id, name, address, dob, gender, phone, department_id) VALUES ('THPTNKH001', N'Vũ Bữu Hợp', N'41 Hùng Vương, TP Nam Định, Nam Định', '1977-09-07', N'Nam', '0514303369', 'TH004');
INSERT INTO patient (id, name, address, dob, gender, phone, department_id) VALUES ('THPTNKH002', N'Thái Anh Lộ', N'101 Đường Trần Hưng Đạo, TP Nam Định, Nam Định', '1968-05-03', N'Nam', '0721037984', 'TH004');
INSERT INTO patient (id, name, address, dob, gender, phone, department_id) VALUES ('THPTNKH003', N'Nhâm Thiếu Sâm', N'56 Lê Lợi, TP Thanh Hóa, Thanh Hóa', '1999-08-20', N'Nam', '0347002138', 'TH004');
INSERT INTO patient (id, name, address, dob, gender, phone, department_id) VALUES ('THPTNKH004', N'Đàm Thiệu Diệu', N'18 Đường 2/9, Hải Châu, Đà Nẵng', '2015-03-23', N'Nữ', '0946640394', 'TH004');
INSERT INTO patient (id, name, address, dob, gender, phone, department_id) VALUES ('THPTNKH005', N'Ma Khương Kỳ', N'56 Lê Lợi, TP Thanh Hóa, Thanh Hóa', '1941-02-17', N'Nữ', '0554000864', 'TH004');
INSERT INTO patient (id, name, address, dob, gender, phone, department_id) VALUES ('THPTNKH006', N'Bùi Hiền Hoán', N'34 Nguyễn Tất Thành, Vĩnh Yên, Vĩnh Phúc', '1945-07-12', N'Nữ', '0933460518', 'TH004');
INSERT INTO patient (id, name, address, dob, gender, phone, department_id) VALUES ('THPTNKH007', N'Khương Quang Châu', N'34 Nguyễn Tất Thành, Vĩnh Yên, Vĩnh Phúc', '1994-03-23', N'Nữ', '0722076035', 'TH004');
INSERT INTO patient (id, name, address, dob, gender, phone, department_id) VALUES ('THPTNKH008', N'Viêm Chế Sinh', N'15 Nguyễn Trãi, TP Vĩnh Yên, Vĩnh Phúc', '1991-05-09', N'Nữ', '0584097598', 'TH004');
INSERT INTO patient (id, name, address, dob, gender, phone, department_id) VALUES ('THPTNKH009', N'Đoàn Quang Hoàn', N'23 Quang Trung, TP Thái Bình, Thái Bình', '1963-03-20', N'Nam', '0300628153', 'TH004');
INSERT INTO patient (id, name, address, dob, gender, phone, department_id) VALUES ('THPTNKH010', N'Đào Nhân Tâm', N'15 Nguyễn Trãi, TP Vĩnh Yên, Vĩnh Phúc', '1978-10-05', N'Nữ', '0548765441', 'TH004');
INSERT INTO patient (id, name, address, dob, gender, phone, department_id) VALUES ('TBPTNK001', N'Đỗ Thống Ðộ', N'34 Nguyễn Tất Thành, Vĩnh Yên, Vĩnh Phúc', '2007-04-11', N'Nữ', '0826541466', 'TB001');
INSERT INTO patient (id, name, address, dob, gender, phone, department_id) VALUES ('TBPTNK002', N'Cao Nhật Nhuận', N'101 Đường Trần Hưng Đạo, TP Nam Định, Nam Định', '1941-01-31', N'Nữ', '0780832460', 'TB001');
INSERT INTO patient (id, name, address, dob, gender, phone, department_id) VALUES ('TBPTNK003', N'Dương Khương Thủy', N'18 Đường 2/9, Hải Châu, Đà Nẵng', '1971-01-16', N'Nữ', '0561287788', 'TB001');
INSERT INTO patient (id, name, address, dob, gender, phone, department_id) VALUES ('TBPTNK004', N'Cù Kiến Từ', N'55 Lê Lợi, TP Bắc Giang, Bắc Giang', '1952-11-02', N'Nam', '0318824972', 'TB001');
INSERT INTO patient (id, name, address, dob, gender, phone, department_id) VALUES ('TBPTNK005', N'Trình Nhật Duy', N'12 Trần Duy Hưng, Cầu Giấy, Hà Nội', '1967-04-21', N'Nữ', '0851853187', 'TB001');
INSERT INTO patient (id, name, address, dob, gender, phone, department_id) VALUES ('TBPTNK006', N'Ma Bình Siêu', N'12 Trần Duy Hưng, Cầu Giấy, Hà Nội', '1956-07-19', N'Nam', '0366240770', 'TB001');
INSERT INTO patient (id, name, address, dob, gender, phone, department_id) VALUES ('TBPTNK007', N'Huỳnh Tiền Anh', N'101 Đường Trần Hưng Đạo, TP Nam Định, Nam Định', '1968-09-22', N'Nữ', '0743324683', 'TB001');
INSERT INTO patient (id, name, address, dob, gender, phone, department_id) VALUES ('TBPTNK008', N'Âu Dương Thái Sa', N'15 Nguyễn Trãi, TP Vĩnh Yên, Vĩnh Phúc', '2022-06-24', N'Nữ', '0764323269', 'TB001');
INSERT INTO patient (id, name, address, dob, gender, phone, department_id) VALUES ('TBPTNK009', N'Kiều Ðồng Tường', N'101 Đường Trần Hưng Đạo, TP Nam Định, Nam Định', '1942-02-07', N'Nữ', '0767692430', 'TB001');
INSERT INTO patient (id, name, address, dob, gender, phone, department_id) VALUES ('TBPTNK010', N'Nguyễn Yên Khôi', N'15 Nguyễn Trãi, TP Vĩnh Yên, Vĩnh Phúc', '2021-04-01', N'Nữ', '0758881012', 'TB001');
INSERT INTO patient (id, name, address, dob, gender, phone, department_id) VALUES ('TBPTNGK001', N'Nguỵ Tùng Diệp', N'101 Đường Trần Hưng Đạo, TP Nam Định, Nam Định', '1982-09-24', N'Nam', '0748354106', 'TB002');
INSERT INTO patient (id, name, address, dob, gender, phone, department_id) VALUES ('TBPTNGK002', N'Tống Hạnh Trường', N'56 Lê Lợi, TP Thanh Hóa, Thanh Hóa', '1986-04-27', N'Nữ', '0808124594', 'TB002');
INSERT INTO patient (id, name, address, dob, gender, phone, department_id) VALUES ('TBPTNGK003', N'Khương Chuẩn Trình', N'18 Đường 2/9, Hải Châu, Đà Nẵng', '2020-04-04', N'Nam', '0760271747', 'TB002');
INSERT INTO patient (id, name, address, dob, gender, phone, department_id) VALUES ('TBPTNGK004', N'Đồng Trí Thuật', N'55 Lê Lợi, TP Bắc Giang, Bắc Giang', '1989-04-11', N'Nữ', '0830130381', 'TB002');
INSERT INTO patient (id, name, address, dob, gender, phone, department_id) VALUES ('TBPTNGK005', N'Lò Hòa Phu', N'34 Nguyễn Tất Thành, Vĩnh Yên, Vĩnh Phúc', '1951-12-04', N'Nam', '0853009455', 'TB002');
INSERT INTO patient (id, name, address, dob, gender, phone, department_id) VALUES ('TBPTNGK006', N'Dương Liên Trọng', N'18 Đường 2/9, Hải Châu, Đà Nẵng', '1960-01-08', N'Nam', '0802920517', 'TB002');
INSERT INTO patient (id, name, address, dob, gender, phone, department_id) VALUES ('TBPTNGK007', N'Phạm Trung Liêm', N'15 Nguyễn Trãi, TP Vĩnh Yên, Vĩnh Phúc', '2019-03-09', N'Nam', '0596606435', 'TB002');
INSERT INTO patient (id, name, address, dob, gender, phone, department_id) VALUES ('TBPTNGK008', N'Hồ Hiền Anh', N'34 Nguyễn Tất Thành, Vĩnh Yên, Vĩnh Phúc', '1991-08-28', N'Nam', '0526181711', 'TB002');
INSERT INTO patient (id, name, address, dob, gender, phone, department_id) VALUES ('TBPTNGK009', N'Triệu Hào Kha', N'34 Nguyễn Tất Thành, Vĩnh Yên, Vĩnh Phúc', '2005-07-29', N'Nam', '0772042930', 'TB002');
INSERT INTO patient (id, name, address, dob, gender, phone, department_id) VALUES ('TBPTNGK010', N'Doãn Thụ Trúc', N'23 Quang Trung, TP Thái Bình, Thái Bình', '1946-08-21', N'Nam', '0996492088', 'TB002');
INSERT INTO patient (id, name, address, dob, gender, phone, department_id) VALUES ('TBPTSK001', N'Nhữ Vạn Nguyên', N'55 Lê Lợi, TP Bắc Giang, Bắc Giang', '1950-02-24', N'Nam', '0901638927', 'TB003');
INSERT INTO patient (id, name, address, dob, gender, phone, department_id) VALUES ('TBPTSK002', N'Nguyễn Hà Đức', N'55 Lê Lợi, TP Bắc Giang, Bắc Giang', '1988-11-06', N'Nữ', '0786448117', 'TB003');
INSERT INTO patient (id, name, address, dob, gender, phone, department_id) VALUES ('TBPTSK003', N'Đỗ Phú Triều', N'41 Hùng Vương, TP Nam Định, Nam Định', '1994-01-04', N'Nam', '0533068919', 'TB003');
INSERT INTO patient (id, name, address, dob, gender, phone, department_id) VALUES ('TBPTSK004', N'Quách Phượng Chiến', N'56 Lê Lợi, TP Thanh Hóa, Thanh Hóa', '1969-12-24', N'Nữ', '0976755963', 'TB003');
INSERT INTO patient (id, name, address, dob, gender, phone, department_id) VALUES ('TBPTSK005', N'Tào Tuyền Lân', N'203 Đội Cấn, Ba Đình, Hà Nội', '1981-06-07', N'Nữ', '0385906188', 'TB003');
INSERT INTO patient (id, name, address, dob, gender, phone, department_id) VALUES ('TBPTSK006', N'Đàm Tâm Nhất', N'101 Đường Trần Hưng Đạo, TP Nam Định, Nam Định', '1979-05-30', N'Nữ', '0955380450', 'TB003');
INSERT INTO patient (id, name, address, dob, gender, phone, department_id) VALUES ('TBPTSK007', N'Thái Kiệt Dũng', N'203 Đội Cấn, Ba Đình, Hà Nội', '2023-04-20', N'Nam', '0940587968', 'TB003');
INSERT INTO patient (id, name, address, dob, gender, phone, department_id) VALUES ('TBPTSK008', N'Thân Liên Quốc', N'12 Trần Duy Hưng, Cầu Giấy, Hà Nội', '1964-09-18', N'Nữ', '0756467172', 'TB003');
INSERT INTO patient (id, name, address, dob, gender, phone, department_id) VALUES ('TBPTSK009', N'Nhan Trúc Mỹ', N'15 Nguyễn Trãi, TP Vĩnh Yên, Vĩnh Phúc', '2005-06-02', N'Nữ', '0901177161', 'TB003');
INSERT INTO patient (id, name, address, dob, gender, phone, department_id) VALUES ('TBPTSK010', N'Lại Quý Hữu', N'18 Đường 2/9, Hải Châu, Đà Nẵng', '1949-01-16', N'Nữ', '0998574691', 'TB003');
INSERT INTO patient (id, name, address, dob, gender, phone, department_id) VALUES ('TBPTNKH001', N'Âu Dương Thất Chiểu', N'15 Nguyễn Trãi, TP Vĩnh Yên, Vĩnh Phúc', '1993-04-13', N'Nữ', '0579618166', 'TB004');
INSERT INTO patient (id, name, address, dob, gender, phone, department_id) VALUES ('TBPTNKH002', N'Trình Nguyễn Thiên', N'41 Hùng Vương, TP Nam Định, Nam Định', '1968-02-29', N'Nữ', '0899414772', 'TB004');
INSERT INTO patient (id, name, address, dob, gender, phone, department_id) VALUES ('TBPTNKH003', N'Viêm Trọng Khoan', N'101 Đường Trần Hưng Đạo, TP Nam Định, Nam Định', '1962-12-01', N'Nữ', '0791791567', 'TB004');
INSERT INTO patient (id, name, address, dob, gender, phone, department_id) VALUES ('TBPTNKH004', N'Võ Sỹ Thể', N'15 Nguyễn Trãi, TP Vĩnh Yên, Vĩnh Phúc', '1973-04-16', N'Nữ', '0950161712', 'TB004');
INSERT INTO patient (id, name, address, dob, gender, phone, department_id) VALUES ('TBPTNKH005', N'Hà Chế Năng', N'101 Đường Trần Hưng Đạo, TP Nam Định, Nam Định', '2008-01-11', N'Nam', '0781878752', 'TB004');
INSERT INTO patient (id, name, address, dob, gender, phone, department_id) VALUES ('TBPTNKH006', N'Chế Nguyên Sinh', N'55 Lê Lợi, TP Bắc Giang, Bắc Giang', '1976-12-05', N'Nam', '0972884267', 'TB004');
INSERT INTO patient (id, name, address, dob, gender, phone, department_id) VALUES ('TBPTNKH007', N'Vì Tiểu Huỳnh', N'101 Đường Trần Hưng Đạo, TP Nam Định, Nam Định', '1974-05-31', N'Nữ', '0390971022', 'TB004');
INSERT INTO patient (id, name, address, dob, gender, phone, department_id) VALUES ('TBPTNKH008', N'Lỗ Ân Nhuận', N'203 Đội Cấn, Ba Đình, Hà Nội', '1955-06-12', N'Nam', '0395768375', 'TB004');
INSERT INTO patient (id, name, address, dob, gender, phone, department_id) VALUES ('TBPTNKH009', N'Mâu Thành Khoát', N'23 Quang Trung, TP Thái Bình, Thái Bình', '2005-03-25', N'Nam', '0515438632', 'TB004');
INSERT INTO patient (id, name, address, dob, gender, phone, department_id) VALUES ('TBPTNKH010', N'Võ Tuấn Anh', N'56 Lê Lợi, TP Thanh Hóa, Thanh Hóa', '1981-06-20', N'Nữ', '0396696399', 'TB004');
INSERT INTO patient (id, name, address, dob, gender, phone, department_id) VALUES ('NDPTNK001', N'Lỗ Thiện Lý', N'12 Trần Duy Hưng, Cầu Giấy, Hà Nội', '2004-09-20', N'Nữ', '0584081591', 'ND001');
INSERT INTO patient (id, name, address, dob, gender, phone, department_id) VALUES ('NDPTNK002', N'Cù Hiệp Khiếu', N'55 Lê Lợi, TP Bắc Giang, Bắc Giang', '1948-07-09', N'Nam', '0588748060', 'ND001');
INSERT INTO patient (id, name, address, dob, gender, phone, department_id) VALUES ('NDPTNK003', N'Cao Công Ðan', N'12 Trần Duy Hưng, Cầu Giấy, Hà Nội', '1958-08-08', N'Nữ', '0508944433', 'ND001');
INSERT INTO patient (id, name, address, dob, gender, phone, department_id) VALUES ('NDPTNK004', N'Uông Ân Cung', N'41 Hùng Vương, TP Nam Định, Nam Định', '1940-07-27', N'Nam', '0791730743', 'ND001');
INSERT INTO patient (id, name, address, dob, gender, phone, department_id) VALUES ('NDPTNK005', N'Tống Ðức Vĩnh', N'101 Đường Trần Hưng Đạo, TP Nam Định, Nam Định', '1952-12-08', N'Nữ', '0526289869', 'ND001');
INSERT INTO patient (id, name, address, dob, gender, phone, department_id) VALUES ('NDPTNK006', N'Viêm Thời Hàm', N'56 Lê Lợi, TP Thanh Hóa, Thanh Hóa', '1940-01-23', N'Nam', '0555937934', 'ND001');
INSERT INTO patient (id, name, address, dob, gender, phone, department_id) VALUES ('NDPTNK007', N'Hoàng Hải Khôi', N'41 Hùng Vương, TP Nam Định, Nam Định', '1968-10-09', N'Nam', '0917889945', 'ND001');
INSERT INTO patient (id, name, address, dob, gender, phone, department_id) VALUES ('NDPTNK008', N'Cù Hưng Ðịnh', N'101 Đường Trần Hưng Đạo, TP Nam Định, Nam Định', '2013-05-24', N'Nữ', '0736220143', 'ND001');
INSERT INTO patient (id, name, address, dob, gender, phone, department_id) VALUES ('NDPTNK009', N'Hồ Thống Quốc', N'18 Đường 2/9, Hải Châu, Đà Nẵng', '1992-09-01', N'Nam', '0937762363', 'ND001');
INSERT INTO patient (id, name, address, dob, gender, phone, department_id) VALUES ('NDPTNK010', N'Tôn Quang Quang', N'34 Nguyễn Tất Thành, Vĩnh Yên, Vĩnh Phúc', '2000-08-26', N'Nam', '0360288176', 'ND001');
INSERT INTO patient (id, name, address, dob, gender, phone, department_id) VALUES ('NDPTNGK001', N'Bành Thạch Ca', N'41 Hùng Vương, TP Nam Định, Nam Định', '2013-03-01', N'Nữ', '0520285613', 'ND002');
INSERT INTO patient (id, name, address, dob, gender, phone, department_id) VALUES ('NDPTNGK002', N'Dương Quyết Trường', N'15 Nguyễn Trãi, TP Vĩnh Yên, Vĩnh Phúc', '1946-09-13', N'Nữ', '0756886154', 'ND002');
INSERT INTO patient (id, name, address, dob, gender, phone, department_id) VALUES ('NDPTNGK003', N'Vũ Thống Hành', N'203 Đội Cấn, Ba Đình, Hà Nội', '1983-03-17', N'Nam', '0372226573', 'ND002');
INSERT INTO patient (id, name, address, dob, gender, phone, department_id) VALUES ('NDPTNGK004', N'Châu Cảnh Nhật', N'56 Lê Lợi, TP Thanh Hóa, Thanh Hóa', '2005-05-02', N'Nữ', '0755335802', 'ND002');
INSERT INTO patient (id, name, address, dob, gender, phone, department_id) VALUES ('NDPTNGK005', N'Trương Niệm Phước', N'18 Đường 2/9, Hải Châu, Đà Nẵng', '2000-08-21', N'Nữ', '0508425211', 'ND002');
INSERT INTO patient (id, name, address, dob, gender, phone, department_id) VALUES ('NDPTNGK006', N'Lăng Phú Nhuận', N'56 Lê Lợi, TP Thanh Hóa, Thanh Hóa', '1999-11-29', N'Nữ', '0821800516', 'ND002');
INSERT INTO patient (id, name, address, dob, gender, phone, department_id) VALUES ('NDPTNGK007', N'Vương Ðông Chưởng', N'23 Quang Trung, TP Thái Bình, Thái Bình', '1969-07-11', N'Nam', '0595507620', 'ND002');
INSERT INTO patient (id, name, address, dob, gender, phone, department_id) VALUES ('NDPTNGK008', N'Tống Tạ Hoán', N'101 Đường Trần Hưng Đạo, TP Nam Định, Nam Định', '1990-04-13', N'Nam', '0581627345', 'ND002');
INSERT INTO patient (id, name, address, dob, gender, phone, department_id) VALUES ('NDPTNGK009', N'Phạm Nguyễn Giang', N'56 Lê Lợi, TP Thanh Hóa, Thanh Hóa', '1936-08-18', N'Nam', '0585410460', 'ND002');
INSERT INTO patient (id, name, address, dob, gender, phone, department_id) VALUES ('NDPTNGK010', N'Đào Tạ Giác', N'41 Hùng Vương, TP Nam Định, Nam Định', '2007-10-10', N'Nam', '0853052873', 'ND002');
INSERT INTO patient (id, name, address, dob, gender, phone, department_id) VALUES ('NDPTSK001', N'Tăng Ðình Liêm', N'203 Đội Cấn, Ba Đình, Hà Nội', '1966-01-08', N'Nam', '0755207055', 'ND003');
INSERT INTO patient (id, name, address, dob, gender, phone, department_id) VALUES ('NDPTSK002', N'Lã Việt Nhã', N'55 Lê Lợi, TP Bắc Giang, Bắc Giang', '1983-09-06', N'Nam', '0345255693', 'ND003');
INSERT INTO patient (id, name, address, dob, gender, phone, department_id) VALUES ('NDPTSK003', N'Quách Thịnh Triều', N'23 Quang Trung, TP Thái Bình, Thái Bình', '1984-10-05', N'Nữ', '0795731812', 'ND003');
INSERT INTO patient (id, name, address, dob, gender, phone, department_id) VALUES ('NDPTSK004', N'Đinh Hiếu Tụ', N'55 Lê Lợi, TP Bắc Giang, Bắc Giang', '1980-06-08', N'Nam', '0336884602', 'ND003');
INSERT INTO patient (id, name, address, dob, gender, phone, department_id) VALUES ('NDPTSK005', N'Đặng Toàn Cảnh', N'55 Lê Lợi, TP Bắc Giang, Bắc Giang', '1988-11-26', N'Nữ', '0507140895', 'ND003');
INSERT INTO patient (id, name, address, dob, gender, phone, department_id) VALUES ('NDPTSK006', N'Cao Tiền Tuấn', N'15 Nguyễn Trãi, TP Vĩnh Yên, Vĩnh Phúc', '1965-11-27', N'Nam', '0936902364', 'ND003');
INSERT INTO patient (id, name, address, dob, gender, phone, department_id) VALUES ('NDPTSK007', N'Trương Bá Ðại', N'56 Lê Lợi, TP Thanh Hóa, Thanh Hóa', '2009-03-05', N'Nữ', '0593926195', 'ND003');
INSERT INTO patient (id, name, address, dob, gender, phone, department_id) VALUES ('NDPTSK008', N'Huỳnh Phi Từ', N'56 Lê Lợi, TP Thanh Hóa, Thanh Hóa', '2010-05-28', N'Nam', '0529898856', 'ND003');
INSERT INTO patient (id, name, address, dob, gender, phone, department_id) VALUES ('NDPTSK009', N'Vũ Tạ Lai', N'18 Đường 2/9, Hải Châu, Đà Nẵng', '1996-10-28', N'Nữ', '0584237278', 'ND003');
INSERT INTO patient (id, name, address, dob, gender, phone, department_id) VALUES ('NDPTSK010', N'Nhan Thắng Vịnh', N'12 Trần Duy Hưng, Cầu Giấy, Hà Nội', '1970-03-21', N'Nam', '0706809438', 'ND003');
INSERT INTO patient (id, name, address, dob, gender, phone, department_id) VALUES ('NDPTNKH001', N'Khương Viễn Hữu', N'203 Đội Cấn, Ba Đình, Hà Nội', '1961-07-20', N'Nam', '0382226119', 'ND004');
INSERT INTO patient (id, name, address, dob, gender, phone, department_id) VALUES ('NDPTNKH002', N'Âu Dương Thiện Chấn', N'203 Đội Cấn, Ba Đình, Hà Nội', '1984-11-23', N'Nữ', '0888521753', 'ND004');
INSERT INTO patient (id, name, address, dob, gender, phone, department_id) VALUES ('NDPTNKH003', N'Chế Thành Thịnh', N'203 Đội Cấn, Ba Đình, Hà Nội', '2007-12-22', N'Nam', '0538741530', 'ND004');
INSERT INTO patient (id, name, address, dob, gender, phone, department_id) VALUES ('NDPTNKH004', N'Phạm Thường Ðộ', N'18 Đường 2/9, Hải Châu, Đà Nẵng', '1983-08-04', N'Nữ', '0352463427', 'ND004');
INSERT INTO patient (id, name, address, dob, gender, phone, department_id) VALUES ('NDPTNKH005', N'Nhữ Như Lương', N'203 Đội Cấn, Ba Đình, Hà Nội', '1958-11-10', N'Nam', '0568785818', 'ND004');
INSERT INTO patient (id, name, address, dob, gender, phone, department_id) VALUES ('NDPTNKH006', N'Tống Anh Hoạt', N'55 Lê Lợi, TP Bắc Giang, Bắc Giang', '2002-05-16', N'Nam', '0553428001', 'ND004');
INSERT INTO patient (id, name, address, dob, gender, phone, department_id) VALUES ('NDPTNKH007', N'Lỗ Song Ðình', N'203 Đội Cấn, Ba Đình, Hà Nội', '1979-12-03', N'Nữ', '0735834366', 'ND004');
INSERT INTO patient (id, name, address, dob, gender, phone, department_id) VALUES ('NDPTNKH008', N'Ma Mạnh Nhiệm', N'15 Nguyễn Trãi, TP Vĩnh Yên, Vĩnh Phúc', '2000-09-21', N'Nữ', '0932611836', 'ND004');
INSERT INTO patient (id, name, address, dob, gender, phone, department_id) VALUES ('NDPTNKH009', N'Đàm Chuẩn Hiệp', N'18 Đường 2/9, Hải Châu, Đà Nẵng', '1965-06-08', N'Nữ', '0767638797', 'ND004');
INSERT INTO patient (id, name, address, dob, gender, phone, department_id) VALUES ('NDPTNKH010', N'Quách Dương Huấn', N'12 Trần Duy Hưng, Cầu Giấy, Hà Nội', '1951-05-24', N'Nam', '0797011085', 'ND004');
INSERT INTO patient (id, name, address, dob, gender, phone, department_id) VALUES ('VPPTNK001', N'Phí Thành Ðệ', N'56 Lê Lợi, TP Thanh Hóa, Thanh Hóa', '1970-02-04', N'Nam', '0968322618', 'VP001');
INSERT INTO patient (id, name, address, dob, gender, phone, department_id) VALUES ('VPPTNK002', N'Cao Tuyền Quân', N'18 Đường 2/9, Hải Châu, Đà Nẵng', '1999-03-07', N'Nữ', '0595195547', 'VP001');
INSERT INTO patient (id, name, address, dob, gender, phone, department_id) VALUES ('VPPTNK003', N'Ung Trung Vĩnh', N'34 Nguyễn Tất Thành, Vĩnh Yên, Vĩnh Phúc', '1981-08-16', N'Nữ', '0520341057', 'VP001');
INSERT INTO patient (id, name, address, dob, gender, phone, department_id) VALUES ('VPPTNK004', N'Nhâm Khoa Trác', N'15 Nguyễn Trãi, TP Vĩnh Yên, Vĩnh Phúc', '1935-07-05', N'Nữ', '0827757518', 'VP001');
INSERT INTO patient (id, name, address, dob, gender, phone, department_id) VALUES ('VPPTNK005', N'Phí Hùng Hiếu', N'55 Lê Lợi, TP Bắc Giang, Bắc Giang', '1985-11-14', N'Nam', '0706576626', 'VP001');
INSERT INTO patient (id, name, address, dob, gender, phone, department_id) VALUES ('VPPTNK006', N'Quách Hán Ðại', N'23 Quang Trung, TP Thái Bình, Thái Bình', '1952-12-20', N'Nữ', '0966261005', 'VP001');
INSERT INTO patient (id, name, address, dob, gender, phone, department_id) VALUES ('VPPTNK007', N'Đỗ Khánh Lợi', N'23 Quang Trung, TP Thái Bình, Thái Bình', '1994-01-16', N'Nam', '0300247436', 'VP001');
INSERT INTO patient (id, name, address, dob, gender, phone, department_id) VALUES ('VPPTNK008', N'Nguỵ Chuẩn Hành', N'12 Trần Duy Hưng, Cầu Giấy, Hà Nội', '1970-08-24', N'Nữ', '0951823097', 'VP001');
INSERT INTO patient (id, name, address, dob, gender, phone, department_id) VALUES ('VPPTNK009', N'Tề Hùng Cẩn', N'101 Đường Trần Hưng Đạo, TP Nam Định, Nam Định', '1997-02-04', N'Nam', '0562399177', 'VP001');
INSERT INTO patient (id, name, address, dob, gender, phone, department_id) VALUES ('VPPTNK010', N'Lỗ Tạ Ngân', N'101 Đường Trần Hưng Đạo, TP Nam Định, Nam Định', '1983-06-06', N'Nam', '0392407532', 'VP001');
INSERT INTO patient (id, name, address, dob, gender, phone, department_id) VALUES ('VPPTNGK001', N'Tống Việt Hiên', N'18 Đường 2/9, Hải Châu, Đà Nẵng', '1946-07-22', N'Nam', '0346397031', 'VP002');
INSERT INTO patient (id, name, address, dob, gender, phone, department_id) VALUES ('VPPTNGK002', N'Đồng Tài Kim', N'18 Đường 2/9, Hải Châu, Đà Nẵng', '2010-05-14', N'Nữ', '0870372075', 'VP002');
INSERT INTO patient (id, name, address, dob, gender, phone, department_id) VALUES ('VPPTNGK003', N'Kiều Thu Hùng', N'15 Nguyễn Trãi, TP Vĩnh Yên, Vĩnh Phúc', '1981-09-10', N'Nữ', '0828950122', 'VP002');
INSERT INTO patient (id, name, address, dob, gender, phone, department_id) VALUES ('VPPTNGK004', N'Thân An Từ', N'55 Lê Lợi, TP Bắc Giang, Bắc Giang', '1959-08-17', N'Nam', '0587276535', 'VP002');
INSERT INTO patient (id, name, address, dob, gender, phone, department_id) VALUES ('VPPTNGK005', N'Viêm Đức Lý', N'18 Đường 2/9, Hải Châu, Đà Nẵng', '1990-02-24', N'Nữ', '0906091011', 'VP002');
INSERT INTO patient (id, name, address, dob, gender, phone, department_id) VALUES ('VPPTNGK006', N'Vương Trường Sinh', N'203 Đội Cấn, Ba Đình, Hà Nội', '2005-12-09', N'Nữ', '0936092480', 'VP002');
INSERT INTO patient (id, name, address, dob, gender, phone, department_id) VALUES ('VPPTNGK007', N'Nhữ Thời Thế', N'18 Đường 2/9, Hải Châu, Đà Nẵng', '1942-04-24', N'Nữ', '0500399075', 'VP002');
INSERT INTO patient (id, name, address, dob, gender, phone, department_id) VALUES ('VPPTNGK008', N'Kiều Thành Lân', N'41 Hùng Vương, TP Nam Định, Nam Định', '2019-06-26', N'Nam', '0574163468', 'VP002');
INSERT INTO patient (id, name, address, dob, gender, phone, department_id) VALUES ('VPPTNGK009', N'Khương Thiệu Tấn', N'15 Nguyễn Trãi, TP Vĩnh Yên, Vĩnh Phúc', '1980-04-23', N'Nam', '0594339337', 'VP002');
INSERT INTO patient (id, name, address, dob, gender, phone, department_id) VALUES ('VPPTNGK010', N'Ngô Toàn Lạc', N'41 Hùng Vương, TP Nam Định, Nam Định', '2008-08-20', N'Nam', '0879294379', 'VP002');
INSERT INTO patient (id, name, address, dob, gender, phone, department_id) VALUES ('VPPTSK001', N'Trương Ðình Nghị', N'12 Trần Duy Hưng, Cầu Giấy, Hà Nội', '1975-04-02', N'Nam', '0380862559', 'VP003');
INSERT INTO patient (id, name, address, dob, gender, phone, department_id) VALUES ('VPPTSK002', N'Đinh Bửu Tịnh', N'18 Đường 2/9, Hải Châu, Đà Nẵng', '1955-08-16', N'Nam', '0735280397', 'VP003');
INSERT INTO patient (id, name, address, dob, gender, phone, department_id) VALUES ('VPPTSK003', N'Trác Gia Trình', N'41 Hùng Vương, TP Nam Định, Nam Định', '1947-05-10', N'Nữ', '0975007384', 'VP003');
INSERT INTO patient (id, name, address, dob, gender, phone, department_id) VALUES ('VPPTSK004', N'Lăng Tùng Ánh', N'55 Lê Lợi, TP Bắc Giang, Bắc Giang', '1941-09-28', N'Nữ', '0505152073', 'VP003');
INSERT INTO patient (id, name, address, dob, gender, phone, department_id) VALUES ('VPPTSK005', N'Vương Thạch Ðiệp', N'101 Đường Trần Hưng Đạo, TP Nam Định, Nam Định', '1993-02-28', N'Nữ', '0813475234', 'VP003');
INSERT INTO patient (id, name, address, dob, gender, phone, department_id) VALUES ('VPPTSK006', N'Dương Tạ Hỷ', N'203 Đội Cấn, Ba Đình, Hà Nội', '1988-03-06', N'Nam', '0567207390', 'VP003');
INSERT INTO patient (id, name, address, dob, gender, phone, department_id) VALUES ('VPPTSK007', N'Tăng Nam Phúc', N'101 Đường Trần Hưng Đạo, TP Nam Định, Nam Định', '1978-01-10', N'Nữ', '0567138864', 'VP003');
INSERT INTO patient (id, name, address, dob, gender, phone, department_id) VALUES ('VPPTSK008', N'La Viết Sa', N'23 Quang Trung, TP Thái Bình, Thái Bình', '1946-01-20', N'Nam', '0926182383', 'VP003');
INSERT INTO patient (id, name, address, dob, gender, phone, department_id) VALUES ('VPPTSK009', N'Bành Lam Khánh', N'15 Nguyễn Trãi, TP Vĩnh Yên, Vĩnh Phúc', '1963-03-19', N'Nam', '0552471605', 'VP003');
INSERT INTO patient (id, name, address, dob, gender, phone, department_id) VALUES ('VPPTSK010', N'Lỗ Duy Cơ', N'34 Nguyễn Tất Thành, Vĩnh Yên, Vĩnh Phúc', '1961-09-09', N'Nữ', '0949066931', 'VP003');
INSERT INTO patient (id, name, address, dob, gender, phone, department_id) VALUES ('VPPTNKH001', N'Phan Hoàn Sang', N'15 Nguyễn Trãi, TP Vĩnh Yên, Vĩnh Phúc', '1947-12-07', N'Nữ', '0885154902', 'VP004');
INSERT INTO patient (id, name, address, dob, gender, phone, department_id) VALUES ('VPPTNKH002', N'Nguỵ Tâm Sỹ', N'23 Quang Trung, TP Thái Bình, Thái Bình', '1936-11-16', N'Nữ', '0733992023', 'VP004');
INSERT INTO patient (id, name, address, dob, gender, phone, department_id) VALUES ('VPPTNKH003', N'Võ Khang Kiếm', N'23 Quang Trung, TP Thái Bình, Thái Bình', '1980-11-22', N'Nữ', '0303966221', 'VP004');
INSERT INTO patient (id, name, address, dob, gender, phone, department_id) VALUES ('VPPTNKH004', N'Nguỵ Quang Vũ', N'23 Quang Trung, TP Thái Bình, Thái Bình', '1962-07-07', N'Nam', '0558837519', 'VP004');
INSERT INTO patient (id, name, address, dob, gender, phone, department_id) VALUES ('VPPTNKH005', N'Vũ Ðức Nhân', N'56 Lê Lợi, TP Thanh Hóa, Thanh Hóa', '2010-03-25', N'Nam', '0338778444', 'VP004');
INSERT INTO patient (id, name, address, dob, gender, phone, department_id) VALUES ('VPPTNKH006', N'Hồ Hán Ðôn', N'23 Quang Trung, TP Thái Bình, Thái Bình', '1959-07-09', N'Nam', '0566652007', 'VP004');
INSERT INTO patient (id, name, address, dob, gender, phone, department_id) VALUES ('VPPTNKH007', N'Trình Tiểu Trác', N'18 Đường 2/9, Hải Châu, Đà Nẵng', '1959-06-01', N'Nữ', '0841249992', 'VP004');
INSERT INTO patient (id, name, address, dob, gender, phone, department_id) VALUES ('VPPTNKH008', N'Lã Chí Hoạt', N'203 Đội Cấn, Ba Đình, Hà Nội', '2018-05-11', N'Nữ', '0788476873', 'VP004');
INSERT INTO patient (id, name, address, dob, gender, phone, department_id) VALUES ('VPPTNKH009', N'Trương Dân Tiển', N'203 Đội Cấn, Ba Đình, Hà Nội', '1940-02-24', N'Nam', '0559037914', 'VP004');
INSERT INTO patient (id, name, address, dob, gender, phone, department_id) VALUES ('VPPTNKH010', N'Ma Quyết Hòa', N'55 Lê Lợi, TP Bắc Giang, Bắc Giang', '1974-06-12', N'Nam', '0594605158', 'VP004');
INSERT INTO patient (id, name, address, dob, gender, phone, department_id) VALUES ('DNPTNK001', N'Phí Phong Nhật', N'203 Đội Cấn, Ba Đình, Hà Nội', '1937-10-07', N'Nam', '0857242697', 'DN001');
INSERT INTO patient (id, name, address, dob, gender, phone, department_id) VALUES ('DNPTNK002', N'Đào Đăng Tiền', N'18 Đường 2/9, Hải Châu, Đà Nẵng', '1945-12-26', N'Nữ', '0561501388', 'DN001');
INSERT INTO patient (id, name, address, dob, gender, phone, department_id) VALUES ('DNPTNK003', N'Hà Giang Chính', N'55 Lê Lợi, TP Bắc Giang, Bắc Giang', '1976-04-20', N'Nữ', '0821890704', 'DN001');
INSERT INTO patient (id, name, address, dob, gender, phone, department_id) VALUES ('DNPTNK004', N'Vì Ân Trúc', N'101 Đường Trần Hưng Đạo, TP Nam Định, Nam Định', '1963-11-22', N'Nữ', '0840625658', 'DN001');
INSERT INTO patient (id, name, address, dob, gender, phone, department_id) VALUES ('DNPTNK005', N'Khương Ðông Chưởng', N'18 Đường 2/9, Hải Châu, Đà Nẵng', '1939-05-17', N'Nam', '0968290416', 'DN001');
INSERT INTO patient (id, name, address, dob, gender, phone, department_id) VALUES ('DNPTNK006', N'Thân Thường Quảng', N'12 Trần Duy Hưng, Cầu Giấy, Hà Nội', '1947-01-19', N'Nữ', '0733045216', 'DN001');
INSERT INTO patient (id, name, address, dob, gender, phone, department_id) VALUES ('DNPTNK007', N'Nguỵ Thành Thành', N'15 Nguyễn Trãi, TP Vĩnh Yên, Vĩnh Phúc', '1962-12-08', N'Nam', '0505950767', 'DN001');
INSERT INTO patient (id, name, address, dob, gender, phone, department_id) VALUES ('DNPTNK008', N'Tăng Toàn Nhân', N'34 Nguyễn Tất Thành, Vĩnh Yên, Vĩnh Phúc', '2005-11-18', N'Nữ', '0364748822', 'DN001');
INSERT INTO patient (id, name, address, dob, gender, phone, department_id) VALUES ('DNPTNK009', N'Âu Dương Ðăng Bình', N'203 Đội Cấn, Ba Đình, Hà Nội', '2019-07-02', N'Nam', '0379435602', 'DN001');
INSERT INTO patient (id, name, address, dob, gender, phone, department_id) VALUES ('DNPTNK010', N'Lỗ Chiến Nghiệp', N'34 Nguyễn Tất Thành, Vĩnh Yên, Vĩnh Phúc', '2003-05-03', N'Nữ', '0913359818', 'DN001');
INSERT INTO patient (id, name, address, dob, gender, phone, department_id) VALUES ('DNPTNGK001', N'Tống Bửu Hà', N'203 Đội Cấn, Ba Đình, Hà Nội', '1955-07-11', N'Nữ', '0584890556', 'DN002');
INSERT INTO patient (id, name, address, dob, gender, phone, department_id) VALUES ('DNPTNGK002', N'Lã Thuận Nhuận', N'18 Đường 2/9, Hải Châu, Đà Nẵng', '1943-05-22', N'Nam', '0783351611', 'DN002');
INSERT INTO patient (id, name, address, dob, gender, phone, department_id) VALUES ('DNPTNGK003', N'Mâu Xuân Cần', N'34 Nguyễn Tất Thành, Vĩnh Yên, Vĩnh Phúc', '1990-09-14', N'Nam', '0883835130', 'DN002');
INSERT INTO patient (id, name, address, dob, gender, phone, department_id) VALUES ('DNPTNGK004', N'Đào Quân Từ', N'12 Trần Duy Hưng, Cầu Giấy, Hà Nội', '2000-01-25', N'Nam', '0334833709', 'DN002');
INSERT INTO patient (id, name, address, dob, gender, phone, department_id) VALUES ('DNPTNGK005', N'Lã Bửu Tịnh', N'55 Lê Lợi, TP Bắc Giang, Bắc Giang', '2005-06-19', N'Nam', '0930883817', 'DN002');
INSERT INTO patient (id, name, address, dob, gender, phone, department_id) VALUES ('DNPTNGK006', N'Bành Thuận Ngôn', N'101 Đường Trần Hưng Đạo, TP Nam Định, Nam Định', '1978-01-18', N'Nam', '0325762119', 'DN002');
INSERT INTO patient (id, name, address, dob, gender, phone, department_id) VALUES ('DNPTNGK007', N'Lã Thiện Phụng', N'15 Nguyễn Trãi, TP Vĩnh Yên, Vĩnh Phúc', '1977-09-20', N'Nữ', '0398513850', 'DN002');
INSERT INTO patient (id, name, address, dob, gender, phone, department_id) VALUES ('DNPTNGK008', N'Tống Vân Chinh', N'56 Lê Lợi, TP Thanh Hóa, Thanh Hóa', '1986-08-01', N'Nam', '0941558663', 'DN002');
INSERT INTO patient (id, name, address, dob, gender, phone, department_id) VALUES ('DNPTNGK009', N'Uông Chuẩn Toàn', N'41 Hùng Vương, TP Nam Định, Nam Định', '1952-04-24', N'Nam', '0803674918', 'DN002');
INSERT INTO patient (id, name, address, dob, gender, phone, department_id) VALUES ('DNPTNGK010', N'Nhữ Nhất Hợp', N'18 Đường 2/9, Hải Châu, Đà Nẵng', '1978-07-29', N'Nữ', '0804341761', 'DN002');
INSERT INTO patient (id, name, address, dob, gender, phone, department_id) VALUES ('DNPTSK001', N'Phùng Yên Ðôn', N'18 Đường 2/9, Hải Châu, Đà Nẵng', '2010-01-25', N'Nam', '0754465933', 'DN003');
INSERT INTO patient (id, name, address, dob, gender, phone, department_id) VALUES ('DNPTSK002', N'Tào Thu Phong', N'15 Nguyễn Trãi, TP Vĩnh Yên, Vĩnh Phúc', '1966-07-08', N'Nam', '0977815304', 'DN003');
INSERT INTO patient (id, name, address, dob, gender, phone, department_id) VALUES ('DNPTSK003', N'Phùng Chiến Ðông', N'41 Hùng Vương, TP Nam Định, Nam Định', '1985-12-11', N'Nữ', '0860215787', 'DN003');
INSERT INTO patient (id, name, address, dob, gender, phone, department_id) VALUES ('DNPTSK004', N'Thái Thế Mỹ', N'55 Lê Lợi, TP Bắc Giang, Bắc Giang', '2018-02-26', N'Nữ', '0328276997', 'DN003');
INSERT INTO patient (id, name, address, dob, gender, phone, department_id) VALUES ('DNPTSK005', N'Đào Thượng Anh', N'41 Hùng Vương, TP Nam Định, Nam Định', '2003-11-05', N'Nữ', '0380990591', 'DN003');
INSERT INTO patient (id, name, address, dob, gender, phone, department_id) VALUES ('DNPTSK006', N'Bùi Hoàng Thuận', N'41 Hùng Vương, TP Nam Định, Nam Định', '1988-01-14', N'Nữ', '0844211583', 'DN003');
INSERT INTO patient (id, name, address, dob, gender, phone, department_id) VALUES ('DNPTSK007', N'Hồ Khoa Duyệt', N'23 Quang Trung, TP Thái Bình, Thái Bình', '1935-12-15', N'Nam', '0918691188', 'DN003');
INSERT INTO patient (id, name, address, dob, gender, phone, department_id) VALUES ('DNPTSK008', N'Khương Quốc Tụ', N'55 Lê Lợi, TP Bắc Giang, Bắc Giang', '2009-07-05', N'Nữ', '0831658254', 'DN003');
INSERT INTO patient (id, name, address, dob, gender, phone, department_id) VALUES ('DNPTSK009', N'Cao Bửu Triều', N'18 Đường 2/9, Hải Châu, Đà Nẵng', '1949-10-11', N'Nữ', '0917997408', 'DN003');
INSERT INTO patient (id, name, address, dob, gender, phone, department_id) VALUES ('DNPTSK010', N'Lò Sơn Danh', N'15 Nguyễn Trãi, TP Vĩnh Yên, Vĩnh Phúc', '2013-04-06', N'Nữ', '0503745474', 'DN003');
INSERT INTO patient (id, name, address, dob, gender, phone, department_id) VALUES ('DNPTNKH001', N'Mã Dương Canh', N'41 Hùng Vương, TP Nam Định, Nam Định', '1975-10-05', N'Nữ', '0965562704', 'DN004');
INSERT INTO patient (id, name, address, dob, gender, phone, department_id) VALUES ('DNPTNKH002', N'Trình Chính Lực', N'34 Nguyễn Tất Thành, Vĩnh Yên, Vĩnh Phúc', '1952-05-31', N'Nữ', '0780115148', 'DN004');
INSERT INTO patient (id, name, address, dob, gender, phone, department_id) VALUES ('DNPTNKH003', N'Lê Tài Hội', N'15 Nguyễn Trãi, TP Vĩnh Yên, Vĩnh Phúc', '1938-11-17', N'Nữ', '0995887436', 'DN004');
INSERT INTO patient (id, name, address, dob, gender, phone, department_id) VALUES ('DNPTNKH004', N'Lã Thuận Phu', N'12 Trần Duy Hưng, Cầu Giấy, Hà Nội', '2021-10-14', N'Nữ', '0904449926', 'DN004');
INSERT INTO patient (id, name, address, dob, gender, phone, department_id) VALUES ('DNPTNKH005', N'Tống Huy Hành', N'15 Nguyễn Trãi, TP Vĩnh Yên, Vĩnh Phúc', '1993-07-17', N'Nam', '0794696096', 'DN004');
INSERT INTO patient (id, name, address, dob, gender, phone, department_id) VALUES ('DNPTNKH006', N'Lưu Lâm Long', N'34 Nguyễn Tất Thành, Vĩnh Yên, Vĩnh Phúc', '1947-10-02', N'Nữ', '0537775136', 'DN004');
INSERT INTO patient (id, name, address, dob, gender, phone, department_id) VALUES ('DNPTNKH007', N'Mâu Thiệu Ánh', N'12 Trần Duy Hưng, Cầu Giấy, Hà Nội', '1943-08-16', N'Nam', '0801422100', 'DN004');
INSERT INTO patient (id, name, address, dob, gender, phone, department_id) VALUES ('DNPTNKH008', N'Đoàn Xuân Dụng', N'56 Lê Lợi, TP Thanh Hóa, Thanh Hóa', '2016-09-03', N'Nam', '0868598624', 'DN004');
INSERT INTO patient (id, name, address, dob, gender, phone, department_id) VALUES ('DNPTNKH009', N'Thân Khải Thời', N'18 Đường 2/9, Hải Châu, Đà Nẵng', '1969-05-26', N'Nam', '0920392810', 'DN004');
INSERT INTO patient (id, name, address, dob, gender, phone, department_id) VALUES ('DNPTNKH010', N'Phí Giang Trụ', N'56 Lê Lợi, TP Thanh Hóa, Thanh Hóa', '1953-12-15', N'Nữ', '0361420077', 'DN004');
INSERT INTO patient (id, name, address, dob, gender, phone, department_id) VALUES ('BGPTNK001', N'Triệu Ðồng An', N'12 Trần Duy Hưng, Cầu Giấy, Hà Nội', '1987-07-10', N'Nữ', '0379559448', 'BG001');
INSERT INTO patient (id, name, address, dob, gender, phone, department_id) VALUES ('BGPTNK002', N'Vì Hòa Án', N'55 Lê Lợi, TP Bắc Giang, Bắc Giang', '1999-12-26', N'Nam', '0559330963', 'BG001');
INSERT INTO patient (id, name, address, dob, gender, phone, department_id) VALUES ('BGPTNK003', N'Đặng Quý Minh', N'101 Đường Trần Hưng Đạo, TP Nam Định, Nam Định', '1958-05-31', N'Nam', '0862316484', 'BG001');
INSERT INTO patient (id, name, address, dob, gender, phone, department_id) VALUES ('BGPTNK004', N'Dương Bửu Huy', N'12 Trần Duy Hưng, Cầu Giấy, Hà Nội', '2015-01-28', N'Nam', '0837649890', 'BG001');
INSERT INTO patient (id, name, address, dob, gender, phone, department_id) VALUES ('BGPTNK005', N'Chử Lập Chấn', N'55 Lê Lợi, TP Bắc Giang, Bắc Giang', '1950-06-18', N'Nam', '0546815901', 'BG001');
INSERT INTO patient (id, name, address, dob, gender, phone, department_id) VALUES ('BGPTNK006', N'Tống Triển Chiến', N'101 Đường Trần Hưng Đạo, TP Nam Định, Nam Định', '2022-09-04', N'Nam', '0910374158', 'BG001');
INSERT INTO patient (id, name, address, dob, gender, phone, department_id) VALUES ('BGPTNK007', N'Doãn Tấn Khoát', N'56 Lê Lợi, TP Thanh Hóa, Thanh Hóa', '1961-12-15', N'Nữ', '0789639518', 'BG001');
INSERT INTO patient (id, name, address, dob, gender, phone, department_id) VALUES ('BGPTNK008', N'Châu Tích Hoàn', N'18 Đường 2/9, Hải Châu, Đà Nẵng', '1942-12-24', N'Nam', '0714654900', 'BG001');
INSERT INTO patient (id, name, address, dob, gender, phone, department_id) VALUES ('BGPTNK009', N'Hoàng Bách Trình', N'56 Lê Lợi, TP Thanh Hóa, Thanh Hóa', '1935-03-29', N'Nam', '0397526741', 'BG001');
INSERT INTO patient (id, name, address, dob, gender, phone, department_id) VALUES ('BGPTNK010', N'Lưu Thanh Tiền', N'55 Lê Lợi, TP Bắc Giang, Bắc Giang', '1966-12-09', N'Nam', '0565760834', 'BG001');
INSERT INTO patient (id, name, address, dob, gender, phone, department_id) VALUES ('BGPTNGK001', N'Kiều Ðăng Việt', N'56 Lê Lợi, TP Thanh Hóa, Thanh Hóa', '2018-08-11', N'Nữ', '0554620118', 'BG002');
INSERT INTO patient (id, name, address, dob, gender, phone, department_id) VALUES ('BGPTNGK002', N'Triệu Giang Hiển', N'12 Trần Duy Hưng, Cầu Giấy, Hà Nội', '1941-09-23', N'Nữ', '0722684105', 'BG002');
INSERT INTO patient (id, name, address, dob, gender, phone, department_id) VALUES ('BGPTNGK003', N'Bùi Tài Tùng', N'56 Lê Lợi, TP Thanh Hóa, Thanh Hóa', '1944-01-08', N'Nam', '0853163730', 'BG002');
INSERT INTO patient (id, name, address, dob, gender, phone, department_id) VALUES ('BGPTNGK004', N'La Ngọc Khoát', N'56 Lê Lợi, TP Thanh Hóa, Thanh Hóa', '1998-06-24', N'Nữ', '0981943176', 'BG002');
INSERT INTO patient (id, name, address, dob, gender, phone, department_id) VALUES ('BGPTNGK005', N'La Lâm Gia', N'12 Trần Duy Hưng, Cầu Giấy, Hà Nội', '2011-10-09', N'Nam', '0718413867', 'BG002');
INSERT INTO patient (id, name, address, dob, gender, phone, department_id) VALUES ('BGPTNGK006', N'Vương Thịnh Kiện', N'56 Lê Lợi, TP Thanh Hóa, Thanh Hóa', '1990-05-29', N'Nữ', '0358277235', 'BG002');
INSERT INTO patient (id, name, address, dob, gender, phone, department_id) VALUES ('BGPTNGK007', N'Vương Ân Thể', N'12 Trần Duy Hưng, Cầu Giấy, Hà Nội', '1939-10-30', N'Nữ', '0505478425', 'BG002');
INSERT INTO patient (id, name, address, dob, gender, phone, department_id) VALUES ('BGPTNGK008', N'Quách Hiểu Giang', N'18 Đường 2/9, Hải Châu, Đà Nẵng', '1974-08-19', N'Nam', '0906145594', 'BG002');
INSERT INTO patient (id, name, address, dob, gender, phone, department_id) VALUES ('BGPTNGK009', N'Phùng Hải Quyết', N'203 Đội Cấn, Ba Đình, Hà Nội', '2020-07-31', N'Nam', '0936527665', 'BG002');
INSERT INTO patient (id, name, address, dob, gender, phone, department_id) VALUES ('BGPTNGK010', N'Đặng Triển Ninh', N'12 Trần Duy Hưng, Cầu Giấy, Hà Nội', '2004-06-06', N'Nữ', '0913631507', 'BG002');
INSERT INTO patient (id, name, address, dob, gender, phone, department_id) VALUES ('BGPTSK001', N'Dương Lâm Kỷ', N'15 Nguyễn Trãi, TP Vĩnh Yên, Vĩnh Phúc', '1949-10-30', N'Nữ', '0587773854', 'BG003');
INSERT INTO patient (id, name, address, dob, gender, phone, department_id) VALUES ('BGPTSK002', N'Cù Nghĩa Phu', N'203 Đội Cấn, Ba Đình, Hà Nội', '2000-07-20', N'Nam', '0876526798', 'BG003');
INSERT INTO patient (id, name, address, dob, gender, phone, department_id) VALUES ('BGPTSK003', N'Kiều Quý Ðiền', N'56 Lê Lợi, TP Thanh Hóa, Thanh Hóa', '1987-07-19', N'Nam', '0790111129', 'BG003');
INSERT INTO patient (id, name, address, dob, gender, phone, department_id) VALUES ('BGPTSK004', N'Mã Phú Vũ', N'23 Quang Trung, TP Thái Bình, Thái Bình', '1998-11-15', N'Nữ', '0846208296', 'BG003');
INSERT INTO patient (id, name, address, dob, gender, phone, department_id) VALUES ('BGPTSK005', N'Nguyễn Tùng Nhiên', N'203 Đội Cấn, Ba Đình, Hà Nội', '2015-02-17', N'Nữ', '0831712497', 'BG003');
INSERT INTO patient (id, name, address, dob, gender, phone, department_id) VALUES ('BGPTSK006', N'Hà Mạnh Mẫn', N'203 Đội Cấn, Ba Đình, Hà Nội', '1957-01-06', N'Nam', '0529866120', 'BG003');
INSERT INTO patient (id, name, address, dob, gender, phone, department_id) VALUES ('BGPTSK007', N'Vương Ðạt Thương', N'34 Nguyễn Tất Thành, Vĩnh Yên, Vĩnh Phúc', '1984-09-08', N'Nam', '0350333513', 'BG003');
INSERT INTO patient (id, name, address, dob, gender, phone, department_id) VALUES ('BGPTSK008', N'Phùng Tấn Hành', N'203 Đội Cấn, Ba Đình, Hà Nội', '1977-12-16', N'Nam', '0995562897', 'BG003');
INSERT INTO patient (id, name, address, dob, gender, phone, department_id) VALUES ('BGPTSK009', N'Vũ Quân Phát', N'56 Lê Lợi, TP Thanh Hóa, Thanh Hóa', '1999-07-26', N'Nam', '0361062336', 'BG003');
INSERT INTO patient (id, name, address, dob, gender, phone, department_id) VALUES ('BGPTSK010', N'Ung Hồ Lực', N'101 Đường Trần Hưng Đạo, TP Nam Định, Nam Định', '1937-06-11', N'Nam', '0586993465', 'BG003');
INSERT INTO patient (id, name, address, dob, gender, phone, department_id) VALUES ('BGPTNKH001', N'Nhữ Nhật Hạnh', N'55 Lê Lợi, TP Bắc Giang, Bắc Giang', '1984-09-06', N'Nữ', '0703345287', 'BG004');
INSERT INTO patient (id, name, address, dob, gender, phone, department_id) VALUES ('BGPTNKH002', N'Tề Khoa Hiếu', N'55 Lê Lợi, TP Bắc Giang, Bắc Giang', '1990-09-30', N'Nam', '0551395395', 'BG004');
INSERT INTO patient (id, name, address, dob, gender, phone, department_id) VALUES ('BGPTNKH003', N'Đào Ân Thắng', N'34 Nguyễn Tất Thành, Vĩnh Yên, Vĩnh Phúc', '1990-10-16', N'Nam', '0545918248', 'BG004');
INSERT INTO patient (id, name, address, dob, gender, phone, department_id) VALUES ('BGPTNKH004', N'Mạc Tân Toại', N'101 Đường Trần Hưng Đạo, TP Nam Định, Nam Định', '1938-01-11', N'Nam', '0329846844', 'BG004');
INSERT INTO patient (id, name, address, dob, gender, phone, department_id) VALUES ('BGPTNKH005', N'Bùi Ðăng Luật', N'203 Đội Cấn, Ba Đình, Hà Nội', '1943-06-16', N'Nữ', '0544269837', 'BG004');
INSERT INTO patient (id, name, address, dob, gender, phone, department_id) VALUES ('BGPTNKH006', N'Lương Dũng Chuyên', N'23 Quang Trung, TP Thái Bình, Thái Bình', '1977-11-19', N'Nữ', '0330369026', 'BG004');
INSERT INTO patient (id, name, address, dob, gender, phone, department_id) VALUES ('BGPTNKH007', N'Trịnh Hạnh Hợp', N'56 Lê Lợi, TP Thanh Hóa, Thanh Hóa', '2015-11-13', N'Nam', '0533872635', 'BG004');
INSERT INTO patient (id, name, address, dob, gender, phone, department_id) VALUES ('BGPTNKH008', N'Hà Bá Hải', N'15 Nguyễn Trãi, TP Vĩnh Yên, Vĩnh Phúc', '1972-09-04', N'Nữ', '0849125875', 'BG004');
INSERT INTO patient (id, name, address, dob, gender, phone, department_id) VALUES ('BGPTNKH009', N'Tạ Quý Danh', N'56 Lê Lợi, TP Thanh Hóa, Thanh Hóa', '1952-03-27', N'Nam', '0836149591', 'BG004');
INSERT INTO patient (id, name, address, dob, gender, phone, department_id) VALUES ('BGPTNKH010', N'Bùi Ðăng Khôi', N'23 Quang Trung, TP Thái Bình, Thái Bình', '1953-10-01', N'Nam', '0711067077', 'BG004');

-- Treatment Regime
INSERT INTO treatment_regime (id, time, price, doctor_id, treatment_id) VALUES ('TR001', '2023-09-29 16:45:54', '121000', 'TBDTSK001', 'T004');
INSERT INTO treatment_regime (id, time, price, doctor_id, treatment_id) VALUES ('TR002', '2024-04-12 00:05:52', '116000', 'BGDTSK002', 'T019');
INSERT INTO treatment_regime (id, time, price, doctor_id, treatment_id) VALUES ('TR003', '2024-10-11 14:49:46', '130000', 'BGDTNK001', 'T004');
INSERT INTO treatment_regime (id, time, price, doctor_id, treatment_id) VALUES ('TR004', '2023-05-19 11:26:41', '229000', 'HNDTSK002', 'T003');
INSERT INTO treatment_regime (id, time, price, doctor_id, treatment_id) VALUES ('TR005', '2023-11-28 07:11:18', '254000', 'HNDTNK003', 'T004');
INSERT INTO treatment_regime (id, time, price, doctor_id, treatment_id) VALUES ('TR006', '2024-01-07 21:26:22', '500000', 'THDTSK002', 'T020');
INSERT INTO treatment_regime (id, time, price, doctor_id, treatment_id) VALUES ('TR007', '2023-06-24 06:27:04', '205000', 'TBDTSK002', 'T006');
INSERT INTO treatment_regime (id, time, price, doctor_id, treatment_id) VALUES ('TR008', '2024-06-25 20:58:13', '443000', 'VPDTNGK005', 'T001');
INSERT INTO treatment_regime (id, time, price, doctor_id, treatment_id) VALUES ('TR009', '2025-04-21 01:10:46', '146000', 'THDTNKH003', 'T009');
INSERT INTO treatment_regime (id, time, price, doctor_id, treatment_id) VALUES ('TR010', '2025-01-16 10:20:00', '396000', 'VPDTNGK005', 'T012');
INSERT INTO treatment_regime (id, time, price, doctor_id, treatment_id) VALUES ('TR011', '2024-01-02 07:09:46', '182000', 'BGDTNGK004', 'T020');
INSERT INTO treatment_regime (id, time, price, doctor_id, treatment_id) VALUES ('TR012', '2024-10-12 09:26:15', '223000', 'BGDTNGK005', 'T019');
INSERT INTO treatment_regime (id, time, price, doctor_id, treatment_id) VALUES ('TR013', '2024-07-07 06:14:24', '134000', 'THDTNGK001', 'T019');
INSERT INTO treatment_regime (id, time, price, doctor_id, treatment_id) VALUES ('TR014', '2024-04-28 23:45:54', '490000', 'HNDTNK004', 'T017');
INSERT INTO treatment_regime (id, time, price, doctor_id, treatment_id) VALUES ('TR015', '2023-09-05 00:56:12', '211000', 'TBDTNGK005', 'T010');
INSERT INTO treatment_regime (id, time, price, doctor_id, treatment_id) VALUES ('TR016', '2024-08-09 15:14:29', '187000', 'BGDTNKH003', 'T001');
INSERT INTO treatment_regime (id, time, price, doctor_id, treatment_id) VALUES ('TR017', '2024-06-03 08:21:59', '471000', 'THDTNGK001', 'T007');
INSERT INTO treatment_regime (id, time, price, doctor_id, treatment_id) VALUES ('TR018', '2024-11-09 07:28:50', '358000', 'BGDTNK002', 'T012');
INSERT INTO treatment_regime (id, time, price, doctor_id, treatment_id) VALUES ('TR019', '2024-01-17 11:24:01', '457000', 'TBDTNGK003', 'T015');
INSERT INTO treatment_regime (id, time, price, doctor_id, treatment_id) VALUES ('TR020', '2024-06-28 09:03:17', '444000', 'THDTNGK003', 'T006');
INSERT INTO treatment_regime (id, time, price, doctor_id, treatment_id) VALUES ('TR021', '2025-04-25 20:04:41', '281000', 'VPDTNKH003', 'T014');
INSERT INTO treatment_regime (id, time, price, doctor_id, treatment_id) VALUES ('TR022', '2024-02-16 21:47:19', '209000', 'BGDTSK002', 'T008');
INSERT INTO treatment_regime (id, time, price, doctor_id, treatment_id) VALUES ('TR023', '2024-09-01 05:43:02', '308000', 'THDTNGK004', 'T011');
INSERT INTO treatment_regime (id, time, price, doctor_id, treatment_id) VALUES ('TR024', '2024-07-10 10:48:06', '163000', 'DNDTNKH005', 'T004');
INSERT INTO treatment_regime (id, time, price, doctor_id, treatment_id) VALUES ('TR025', '2024-06-18 23:56:37', '366000', 'THDTSK005', 'T016');
INSERT INTO treatment_regime (id, time, price, doctor_id, treatment_id) VALUES ('TR026', '2023-10-29 09:32:29', '490000', 'VPDTSK003', 'T010');
INSERT INTO treatment_regime (id, time, price, doctor_id, treatment_id) VALUES ('TR027', '2024-11-03 17:48:00', '385000', 'HNDTSK001', 'T003');
INSERT INTO treatment_regime (id, time, price, doctor_id, treatment_id) VALUES ('TR028', '2023-08-04 07:30:49', '267000', 'BGDTNGK002', 'T004');
INSERT INTO treatment_regime (id, time, price, doctor_id, treatment_id) VALUES ('TR029', '2024-10-15 01:55:32', '297000', 'NDDTSK003', 'T015');
INSERT INTO treatment_regime (id, time, price, doctor_id, treatment_id) VALUES ('TR030', '2025-02-14 03:20:42', '407000', 'NDDTNKH005', 'T015');
INSERT INTO treatment_regime (id, time, price, doctor_id, treatment_id) VALUES ('TR031', '2023-06-23 03:46:51', '215000', 'DNDTNK005', 'T010');
INSERT INTO treatment_regime (id, time, price, doctor_id, treatment_id) VALUES ('TR032', '2023-11-19 13:43:14', '319000', 'TBDTNGK004', 'T003');
INSERT INTO treatment_regime (id, time, price, doctor_id, treatment_id) VALUES ('TR033', '2023-06-16 22:37:12', '343000', 'VPDTSK005', 'T006');
INSERT INTO treatment_regime (id, time, price, doctor_id, treatment_id) VALUES ('TR034', '2023-10-12 11:47:48', '106000', 'BGDTNGK001', 'T004');
INSERT INTO treatment_regime (id, time, price, doctor_id, treatment_id) VALUES ('TR035', '2023-09-06 10:43:12', '302000', 'DNDTSK003', 'T017');
INSERT INTO treatment_regime (id, time, price, doctor_id, treatment_id) VALUES ('TR036', '2024-01-07 04:50:04', '437000', 'THDTNK002', 'T004');
INSERT INTO treatment_regime (id, time, price, doctor_id, treatment_id) VALUES ('TR037', '2025-03-14 08:26:02', '173000', 'DNDTNK002', 'T013');
INSERT INTO treatment_regime (id, time, price, doctor_id, treatment_id) VALUES ('TR038', '2025-02-24 03:09:25', '455000', 'THDTNGK002', 'T006');
INSERT INTO treatment_regime (id, time, price, doctor_id, treatment_id) VALUES ('TR039', '2023-11-02 13:42:34', '133000', 'VPDTSK004', 'T007');
INSERT INTO treatment_regime (id, time, price, doctor_id, treatment_id) VALUES ('TR040', '2023-08-31 15:40:05', '273000', 'TBDTSK002', 'T020');
INSERT INTO treatment_regime (id, time, price, doctor_id, treatment_id) VALUES ('TR041', '2024-08-29 02:38:04', '306000', 'THDTSK002', 'T008');
INSERT INTO treatment_regime (id, time, price, doctor_id, treatment_id) VALUES ('TR042', '2024-07-21 05:11:31', '317000', 'BGDTNGK003', 'T009');
INSERT INTO treatment_regime (id, time, price, doctor_id, treatment_id) VALUES ('TR043', '2023-11-03 05:07:35', '491000', 'NDDTNGK005', 'T013');
INSERT INTO treatment_regime (id, time, price, doctor_id, treatment_id) VALUES ('TR044', '2024-08-21 01:29:13', '282000', 'BGDTNK002', 'T020');
INSERT INTO treatment_regime (id, time, price, doctor_id, treatment_id) VALUES ('TR045', '2024-02-22 07:18:34', '307000', 'BGDTNK005', 'T017');
INSERT INTO treatment_regime (id, time, price, doctor_id, treatment_id) VALUES ('TR046', '2023-12-20 20:52:50', '242000', 'THDTNKH003', 'T015');
INSERT INTO treatment_regime (id, time, price, doctor_id, treatment_id) VALUES ('TR047', '2023-08-27 05:06:58', '155000', 'THDTSK002', 'T009');
INSERT INTO treatment_regime (id, time, price, doctor_id, treatment_id) VALUES ('TR048', '2024-12-05 17:20:27', '350000', 'BGDTNGK003', 'T008');
INSERT INTO treatment_regime (id, time, price, doctor_id, treatment_id) VALUES ('TR049', '2024-09-13 18:36:00', '421000', 'THDTSK005', 'T001');
INSERT INTO treatment_regime (id, time, price, doctor_id, treatment_id) VALUES ('TR050', '2024-04-11 04:46:47', '150000', 'HNDTSK004', 'T003');
INSERT INTO treatment_regime (id, time, price, doctor_id, treatment_id) VALUES ('TR051', '2023-07-16 04:00:51', '355000', 'HNDTNGK002', 'T006');
INSERT INTO treatment_regime (id, time, price, doctor_id, treatment_id) VALUES ('TR052', '2024-07-19 11:46:14', '295000', 'VPDTNK004', 'T005');
INSERT INTO treatment_regime (id, time, price, doctor_id, treatment_id) VALUES ('TR053', '2023-12-03 10:47:09', '255000', 'THDTNK005', 'T003');
INSERT INTO treatment_regime (id, time, price, doctor_id, treatment_id) VALUES ('TR054', '2023-12-07 21:10:24', '438000', 'BGDTSK004', 'T016');
INSERT INTO treatment_regime (id, time, price, doctor_id, treatment_id) VALUES ('TR055', '2024-03-10 22:47:16', '338000', 'TBDTSK002', 'T010');
INSERT INTO treatment_regime (id, time, price, doctor_id, treatment_id) VALUES ('TR056', '2024-10-05 02:25:14', '438000', 'BGDTNGK003', 'T016');
INSERT INTO treatment_regime (id, time, price, doctor_id, treatment_id) VALUES ('TR057', '2025-04-20 07:17:30', '358000', 'NDDTNGK002', 'T018');
INSERT INTO treatment_regime (id, time, price, doctor_id, treatment_id) VALUES ('TR058', '2023-09-23 06:20:36', '275000', 'BGDTNKH004', 'T018');
INSERT INTO treatment_regime (id, time, price, doctor_id, treatment_id) VALUES ('TR059', '2024-03-25 03:29:49', '109000', 'HNDTNGK004', 'T014');
INSERT INTO treatment_regime (id, time, price, doctor_id, treatment_id) VALUES ('TR060', '2024-05-07 15:34:07', '160000', 'VPDTNKH004', 'T015');
INSERT INTO treatment_regime (id, time, price, doctor_id, treatment_id) VALUES ('TR061', '2023-07-23 01:49:05', '261000', 'VPDTNKH002', 'T015');
INSERT INTO treatment_regime (id, time, price, doctor_id, treatment_id) VALUES ('TR062', '2023-12-02 20:05:49', '335000', 'HNDTNGK005', 'T002');
INSERT INTO treatment_regime (id, time, price, doctor_id, treatment_id) VALUES ('TR063', '2024-10-25 21:12:08', '190000', 'NDDTNKH003', 'T006');
INSERT INTO treatment_regime (id, time, price, doctor_id, treatment_id) VALUES ('TR064', '2024-04-13 18:49:28', '351000', 'DNDTSK001', 'T005');
INSERT INTO treatment_regime (id, time, price, doctor_id, treatment_id) VALUES ('TR065', '2025-05-18 16:26:07', '259000', 'VPDTNKH005', 'T016');
INSERT INTO treatment_regime (id, time, price, doctor_id, treatment_id) VALUES ('TR066', '2024-11-08 20:33:16', '491000', 'THDTNGK004', 'T019');
INSERT INTO treatment_regime (id, time, price, doctor_id, treatment_id) VALUES ('TR067', '2023-09-07 16:06:37', '445000', 'BGDTNGK001', 'T018');
INSERT INTO treatment_regime (id, time, price, doctor_id, treatment_id) VALUES ('TR068', '2024-07-08 15:49:49', '450000', 'BGDTNKH004', 'T019');
INSERT INTO treatment_regime (id, time, price, doctor_id, treatment_id) VALUES ('TR069', '2023-10-24 16:15:55', '340000', 'BGDTNK002', 'T018');
INSERT INTO treatment_regime (id, time, price, doctor_id, treatment_id) VALUES ('TR070', '2023-07-13 05:08:49', '180000', 'BGDTNGK005', 'T002');
INSERT INTO treatment_regime (id, time, price, doctor_id, treatment_id) VALUES ('TR071', '2024-09-19 09:51:05', '300000', 'NDDTNGK003', 'T016');
INSERT INTO treatment_regime (id, time, price, doctor_id, treatment_id) VALUES ('TR072', '2024-12-08 11:53:59', '402000', 'VPDTNKH002', 'T020');
INSERT INTO treatment_regime (id, time, price, doctor_id, treatment_id) VALUES ('TR073', '2023-12-14 15:49:25', '446000', 'VPDTSK001', 'T010');
INSERT INTO treatment_regime (id, time, price, doctor_id, treatment_id) VALUES ('TR074', '2024-09-22 04:03:32', '264000', 'HNDTNKH001', 'T001');
INSERT INTO treatment_regime (id, time, price, doctor_id, treatment_id) VALUES ('TR075', '2024-11-10 15:11:52', '402000', 'HNDTSK002', 'T005');
INSERT INTO treatment_regime (id, time, price, doctor_id, treatment_id) VALUES ('TR076', '2024-10-01 20:10:10', '287000', 'VPDTNGK005', 'T019');
INSERT INTO treatment_regime (id, time, price, doctor_id, treatment_id) VALUES ('TR077', '2023-10-16 00:41:06', '113000', 'VPDTNGK003', 'T013');
INSERT INTO treatment_regime (id, time, price, doctor_id, treatment_id) VALUES ('TR078', '2024-11-24 08:04:09', '149000', 'DNDTNGK005', 'T012');
INSERT INTO treatment_regime (id, time, price, doctor_id, treatment_id) VALUES ('TR079', '2024-03-03 11:05:03', '282000', 'DNDTNGK001', 'T012');
INSERT INTO treatment_regime (id, time, price, doctor_id, treatment_id) VALUES ('TR080', '2024-07-30 04:54:03', '128000', 'NDDTNK003', 'T008');
INSERT INTO treatment_regime (id, time, price, doctor_id, treatment_id) VALUES ('TR081', '2024-10-10 23:08:46', '220000', 'NDDTNKH005', 'T019');
INSERT INTO treatment_regime (id, time, price, doctor_id, treatment_id) VALUES ('TR082', '2024-10-03 13:10:42', '143000', 'HNDTNKH002', 'T010');
INSERT INTO treatment_regime (id, time, price, doctor_id, treatment_id) VALUES ('TR083', '2025-02-14 17:13:52', '158000', 'VPDTNGK002', 'T006');
INSERT INTO treatment_regime (id, time, price, doctor_id, treatment_id) VALUES ('TR084', '2024-06-19 15:32:53', '110000', 'BGDTNKH003', 'T011');
INSERT INTO treatment_regime (id, time, price, doctor_id, treatment_id) VALUES ('TR085', '2024-08-31 06:50:10', '119000', 'DNDTNKH003', 'T014');
INSERT INTO treatment_regime (id, time, price, doctor_id, treatment_id) VALUES ('TR086', '2023-09-23 19:50:03', '390000', 'BGDTSK002', 'T014');
INSERT INTO treatment_regime (id, time, price, doctor_id, treatment_id) VALUES ('TR087', '2024-04-09 09:22:21', '236000', 'HNDTNGK001', 'T016');
INSERT INTO treatment_regime (id, time, price, doctor_id, treatment_id) VALUES ('TR088', '2025-02-15 12:59:01', '401000', 'HNDTNGK001', 'T011');
INSERT INTO treatment_regime (id, time, price, doctor_id, treatment_id) VALUES ('TR089', '2023-09-15 15:08:13', '293000', 'VPDTNKH005', 'T011');
INSERT INTO treatment_regime (id, time, price, doctor_id, treatment_id) VALUES ('TR090', '2024-01-20 03:14:01', '393000', 'THDTNGK001', 'T016');
INSERT INTO treatment_regime (id, time, price, doctor_id, treatment_id) VALUES ('TR091', '2025-01-20 07:12:32', '151000', 'TBDTSK003', 'T011');
INSERT INTO treatment_regime (id, time, price, doctor_id, treatment_id) VALUES ('TR092', '2024-04-20 05:14:43', '354000', 'BGDTNGK004', 'T011');
INSERT INTO treatment_regime (id, time, price, doctor_id, treatment_id) VALUES ('TR093', '2024-03-08 17:50:19', '185000', 'NDDTNKH002', 'T012');
INSERT INTO treatment_regime (id, time, price, doctor_id, treatment_id) VALUES ('TR094', '2023-06-08 12:50:40', '323000', 'TBDTSK002', 'T016');
INSERT INTO treatment_regime (id, time, price, doctor_id, treatment_id) VALUES ('TR095', '2024-08-30 05:54:15', '425000', 'HNDTNKH005', 'T018');
INSERT INTO treatment_regime (id, time, price, doctor_id, treatment_id) VALUES ('TR096', '2023-11-27 15:32:27', '209000', 'NDDTSK004', 'T009');
INSERT INTO treatment_regime (id, time, price, doctor_id, treatment_id) VALUES ('TR097', '2023-07-18 15:00:46', '124000', 'NDDTNKH002', 'T019');
INSERT INTO treatment_regime (id, time, price, doctor_id, treatment_id) VALUES ('TR098', '2023-12-15 05:20:56', '305000', 'TBDTNKH003', 'T020');
INSERT INTO treatment_regime (id, time, price, doctor_id, treatment_id) VALUES ('TR099', '2023-08-24 04:57:27', '480000', 'THDTNK004', 'T019');
INSERT INTO treatment_regime (id, time, price, doctor_id, treatment_id) VALUES ('TR100', '2024-07-05 05:10:18', '148000', 'VPDTNGK002', 'T009');

-- Treatment Record
INSERT INTO treatment_record (id, description, result, treatment_regime_id, patient_id) VALUES ('REC0001', N'Ngày: 2023-08-11, Triệu chứng: Ngứa, Ghi chú: Đã ổn định', N'Nặng thêm', 'TR073', 'HNPTNKH005');
INSERT INTO treatment_record (id, description, result, treatment_regime_id, patient_id) VALUES ('REC0002', N'Ngày: 2024-10-30, Triệu chứng: Đau đầu, Ghi chú: Hạn chế vận động mạnh', N'Chưa khỏi', 'TR045', 'TBPTSK008');
INSERT INTO treatment_record (id, description, result, treatment_regime_id, patient_id) VALUES ('REC0003', N'Ngày: 2024-07-16, Triệu chứng: Chóng mặt, Ghi chú: Hạn chế vận động mạnh', N'Ổn định', 'TR039', 'BGPTNGK009');
INSERT INTO treatment_record (id, description, result, treatment_regime_id, patient_id) VALUES ('REC0004', N'Ngày: 2024-03-28, Triệu chứng: Chóng mặt, Ghi chú: Tái khám sau 1 tuần', N'Chưa khỏi', 'TR026', 'VPPTNK001');
INSERT INTO treatment_record (id, description, result, treatment_regime_id, patient_id) VALUES ('REC0005', N'Ngày: 2023-07-08, Triệu chứng: Ngứa, Ghi chú: Chỉ định nghỉ ngơi', N'Khỏi bệnh', 'TR059', 'BGPTSK004');
INSERT INTO treatment_record (id, description, result, treatment_regime_id, patient_id) VALUES ('REC0006', N'Ngày: 2024-01-28, Triệu chứng: Ho, Ghi chú: Đã ổn định', N'Cải thiện', 'TR024', 'BGPTSK005');
INSERT INTO treatment_record (id, description, result, treatment_regime_id, patient_id) VALUES ('REC0007', N'Ngày: 2024-09-26, Triệu chứng: Ngứa, Ghi chú: Khuyên thay đổi chế độ ăn', N'Nặng thêm', 'TR035', 'DNPTNKH010');
INSERT INTO treatment_record (id, description, result, treatment_regime_id, patient_id) VALUES ('REC0008', N'Ngày: 2023-07-26, Triệu chứng: Buồn nôn, Ghi chú: Theo dõi huyết áp', N'Nặng thêm', 'TR067', 'HNPTNKH001');
INSERT INTO treatment_record (id, description, result, treatment_regime_id, patient_id) VALUES ('REC0009', N'Ngày: 2024-02-23, Triệu chứng: Sốt, Ghi chú: Có dấu hiệu thuyên giảm', N'Chưa khỏi', 'TR031', 'THPTNKH006');
INSERT INTO treatment_record (id, description, result, treatment_regime_id, patient_id) VALUES ('REC0010', N'Ngày: 2025-04-23, Triệu chứng: Khó thở, Ghi chú: Phản ứng tốt với thuốc', N'Cải thiện', 'TR053', 'DNPTSK003');
INSERT INTO treatment_record (id, description, result, treatment_regime_id, patient_id) VALUES ('REC0011', N'Ngày: 2024-02-01, Triệu chứng: Đau lưng, Ghi chú: Hạn chế vận động mạnh', N'Cải thiện', 'TR035', 'DNPTNGK002');
INSERT INTO treatment_record (id, description, result, treatment_regime_id, patient_id) VALUES ('REC0012', N'Ngày: 2025-01-11, Triệu chứng: Ho, Ghi chú: Khuyên uống nhiều nước', N'Nặng thêm', 'TR088', 'NDPTNGK002');
INSERT INTO treatment_record (id, description, result, treatment_regime_id, patient_id) VALUES ('REC0013', N'Ngày: 2023-12-16, Triệu chứng: Sốt, Ghi chú: Khuyên uống nhiều nước', N'Khỏi bệnh', 'TR015', 'NDPTNK003');
INSERT INTO treatment_record (id, description, result, treatment_regime_id, patient_id) VALUES ('REC0014', N'Ngày: 2023-09-08, Triệu chứng: Mệt mỏi, Ghi chú: Đã ổn định', N'Ổn định', 'TR040', 'NDPTNK006');
INSERT INTO treatment_record (id, description, result, treatment_regime_id, patient_id) VALUES ('REC0015', N'Ngày: 2025-03-22, Triệu chứng: Đau bụng, Ghi chú: Khuyên uống nhiều nước', N'Cải thiện', 'TR055', 'DNPTSK004');
INSERT INTO treatment_record (id, description, result, treatment_regime_id, patient_id) VALUES ('REC0016', N'Ngày: 2025-01-26, Triệu chứng: Đau bụng, Ghi chú: Cần xét nghiệm bổ sung', N'Chưa khỏi', 'TR018', 'NDPTNGK010');
INSERT INTO treatment_record (id, description, result, treatment_regime_id, patient_id) VALUES ('REC0017', N'Ngày: 2023-11-09, Triệu chứng: Đau bụng, Ghi chú: Có dấu hiệu thuyên giảm', N'Nặng thêm', 'TR083', 'TBPTNGK001');
INSERT INTO treatment_record (id, description, result, treatment_regime_id, patient_id) VALUES ('REC0018', N'Ngày: 2023-12-16, Triệu chứng: Đau đầu, Ghi chú: Theo dõi huyết áp', N'Ổn định', 'TR008', 'HNPTNGK001');
INSERT INTO treatment_record (id, description, result, treatment_regime_id, patient_id) VALUES ('REC0019', N'Ngày: 2023-05-25, Triệu chứng: Chóng mặt, Ghi chú: Theo dõi huyết áp', N'Khỏi bệnh', 'TR009', 'NDPTNKH003');
INSERT INTO treatment_record (id, description, result, treatment_regime_id, patient_id) VALUES ('REC0020', N'Ngày: 2023-08-02, Triệu chứng: Sốt, Ghi chú: Khuyên uống nhiều nước', N'Khỏi bệnh', 'TR093', 'DNPTNK004');
INSERT INTO treatment_record (id, description, result, treatment_regime_id, patient_id) VALUES ('REC0021', N'Ngày: 2024-03-05, Triệu chứng: Ngứa, Ghi chú: Hạn chế vận động mạnh', N'Ổn định', 'TR016', 'BGPTNGK007');
INSERT INTO treatment_record (id, description, result, treatment_regime_id, patient_id) VALUES ('REC0022', N'Ngày: 2023-11-06, Triệu chứng: Mệt mỏi, Ghi chú: Phản ứng tốt với thuốc', N'Cải thiện', 'TR033', 'BGPTSK009');
INSERT INTO treatment_record (id, description, result, treatment_regime_id, patient_id) VALUES ('REC0023', N'Ngày: 2024-03-07, Triệu chứng: Khó thở, Ghi chú: Theo dõi huyết áp', N'Ổn định', 'TR099', 'THPTSK003');
INSERT INTO treatment_record (id, description, result, treatment_regime_id, patient_id) VALUES ('REC0024', N'Ngày: 2023-08-07, Triệu chứng: Buồn nôn, Ghi chú: Tái khám sau 1 tuần', N'Cải thiện', 'TR096', 'VPPTNKH010');
INSERT INTO treatment_record (id, description, result, treatment_regime_id, patient_id) VALUES ('REC0025', N'Ngày: 2025-01-14, Triệu chứng: Sốt, Ghi chú: Khuyên uống nhiều nước', N'Chưa khỏi', 'TR014', 'THPTNKH004');
INSERT INTO treatment_record (id, description, result, treatment_regime_id, patient_id) VALUES ('REC0026', N'Ngày: 2025-05-05, Triệu chứng: Đau lưng, Ghi chú: Khuyên thay đổi chế độ ăn', N'Khỏi bệnh', 'TR053', 'DNPTSK006');
INSERT INTO treatment_record (id, description, result, treatment_regime_id, patient_id) VALUES ('REC0027', N'Ngày: 2023-08-21, Triệu chứng: Khó thở, Ghi chú: Có dấu hiệu thuyên giảm', N'Khỏi bệnh', 'TR069', 'BGPTNGK002');
INSERT INTO treatment_record (id, description, result, treatment_regime_id, patient_id) VALUES ('REC0028', N'Ngày: 2023-10-01, Triệu chứng: Chóng mặt, Ghi chú: Đã ổn định', N'Cải thiện', 'TR070', 'VPPTNK003');
INSERT INTO treatment_record (id, description, result, treatment_regime_id, patient_id) VALUES ('REC0029', N'Ngày: 2024-06-29, Triệu chứng: Khó thở, Ghi chú: Đã ổn định', N'Chưa khỏi', 'TR019', 'NDPTSK003');
INSERT INTO treatment_record (id, description, result, treatment_regime_id, patient_id) VALUES ('REC0030', N'Ngày: 2024-12-03, Triệu chứng: Ho, Ghi chú: Cần theo dõi thêm', N'Khỏi bệnh', 'TR003', 'NDPTNKH008');
INSERT INTO treatment_record (id, description, result, treatment_regime_id, patient_id) VALUES ('REC0031', N'Ngày: 2025-03-28, Triệu chứng: Ngứa, Ghi chú: Tái khám sau 1 tuần', N'Chưa khỏi', 'TR033', 'NDPTNK003');
INSERT INTO treatment_record (id, description, result, treatment_regime_id, patient_id) VALUES ('REC0032', N'Ngày: 2024-01-11, Triệu chứng: Đau đầu, Ghi chú: Chưa rõ nguyên nhân', N'Cải thiện', 'TR088', 'VPPTSK006');
INSERT INTO treatment_record (id, description, result, treatment_regime_id, patient_id) VALUES ('REC0033', N'Ngày: 2024-08-17, Triệu chứng: Đau bụng, Ghi chú: Tái khám sau 1 tuần', N'Chưa khỏi', 'TR050', 'DNPTSK007');
INSERT INTO treatment_record (id, description, result, treatment_regime_id, patient_id) VALUES ('REC0034', N'Ngày: 2025-02-13, Triệu chứng: Buồn nôn, Ghi chú: Cần xét nghiệm bổ sung', N'Cải thiện', 'TR012', 'NDPTNKH005');
INSERT INTO treatment_record (id, description, result, treatment_regime_id, patient_id) VALUES ('REC0035', N'Ngày: 2025-02-02, Triệu chứng: Khó thở, Ghi chú: Hạn chế vận động mạnh', N'Nặng thêm', 'TR057', 'TBPTNK003');
INSERT INTO treatment_record (id, description, result, treatment_regime_id, patient_id) VALUES ('REC0036', N'Ngày: 2024-06-01, Triệu chứng: Đau đầu, Ghi chú: Đã ổn định', N'Nặng thêm', 'TR036', 'HNPTNGK008');
INSERT INTO treatment_record (id, description, result, treatment_regime_id, patient_id) VALUES ('REC0037', N'Ngày: 2023-07-31, Triệu chứng: Chóng mặt, Ghi chú: Phản ứng tốt với thuốc', N'Cải thiện', 'TR043', 'DNPTNGK002');
INSERT INTO treatment_record (id, description, result, treatment_regime_id, patient_id) VALUES ('REC0038', N'Ngày: 2024-07-01, Triệu chứng: Đau đầu, Ghi chú: Theo dõi huyết áp', N'Nặng thêm', 'TR065', 'NDPTNGK004');
INSERT INTO treatment_record (id, description, result, treatment_regime_id, patient_id) VALUES ('REC0039', N'Ngày: 2024-02-12, Triệu chứng: Đau bụng, Ghi chú: Cần theo dõi thêm', N'Cải thiện', 'TR059', 'VPPTNK008');
INSERT INTO treatment_record (id, description, result, treatment_regime_id, patient_id) VALUES ('REC0040', N'Ngày: 2024-11-12, Triệu chứng: Sốt, Ghi chú: Cần theo dõi thêm', N'Nặng thêm', 'TR083', 'DNPTSK008');
INSERT INTO treatment_record (id, description, result, treatment_regime_id, patient_id) VALUES ('REC0041', N'Ngày: 2024-08-04, Triệu chứng: Đau lưng, Ghi chú: Theo dõi huyết áp', N'Ổn định', 'TR081', 'TBPTSK003');
INSERT INTO treatment_record (id, description, result, treatment_regime_id, patient_id) VALUES ('REC0042', N'Ngày: 2025-03-20, Triệu chứng: Sốt, Ghi chú: Khuyên uống nhiều nước', N'Ổn định', 'TR015', 'THPTNK003');
INSERT INTO treatment_record (id, description, result, treatment_regime_id, patient_id) VALUES ('REC0043', N'Ngày: 2023-12-23, Triệu chứng: Chóng mặt, Ghi chú: Theo dõi huyết áp', N'Nặng thêm', 'TR077', 'THPTSK007');
INSERT INTO treatment_record (id, description, result, treatment_regime_id, patient_id) VALUES ('REC0044', N'Ngày: 2024-07-19, Triệu chứng: Sốt, Ghi chú: Cần xét nghiệm bổ sung', N'Cải thiện', 'TR095', 'BGPTNK005');
INSERT INTO treatment_record (id, description, result, treatment_regime_id, patient_id) VALUES ('REC0045', N'Ngày: 2023-12-14, Triệu chứng: Buồn nôn, Ghi chú: Phản ứng tốt với thuốc', N'Nặng thêm', 'TR037', 'VPPTNK008');
INSERT INTO treatment_record (id, description, result, treatment_regime_id, patient_id) VALUES ('REC0046', N'Ngày: 2024-08-31, Triệu chứng: Chóng mặt, Ghi chú: Tái khám sau 1 tuần', N'Ổn định', 'TR024', 'VPPTSK009');
INSERT INTO treatment_record (id, description, result, treatment_regime_id, patient_id) VALUES ('REC0047', N'Ngày: 2023-08-02, Triệu chứng: Đau bụng, Ghi chú: Chưa rõ nguyên nhân', N'Ổn định', 'TR003', 'TBPTNKH005');
INSERT INTO treatment_record (id, description, result, treatment_regime_id, patient_id) VALUES ('REC0048', N'Ngày: 2025-04-13, Triệu chứng: Mệt mỏi, Ghi chú: Khuyên uống nhiều nước', N'Chưa khỏi', 'TR012', 'TBPTNKH008');
INSERT INTO treatment_record (id, description, result, treatment_regime_id, patient_id) VALUES ('REC0049', N'Ngày: 2023-06-24, Triệu chứng: Chóng mặt, Ghi chú: Khuyên thay đổi chế độ ăn', N'Nặng thêm', 'TR007', 'TBPTNK007');
INSERT INTO treatment_record (id, description, result, treatment_regime_id, patient_id) VALUES ('REC0050', N'Ngày: 2023-09-27, Triệu chứng: Đau đầu, Ghi chú: Theo dõi huyết áp', N'Cải thiện', 'TR020', 'NDPTNGK004');
INSERT INTO treatment_record (id, description, result, treatment_regime_id, patient_id) VALUES ('REC0051', N'Ngày: 2024-01-19, Triệu chứng: Ngứa, Ghi chú: Tái khám sau 1 tuần', N'Nặng thêm', 'TR002', 'THPTSK001');
INSERT INTO treatment_record (id, description, result, treatment_regime_id, patient_id) VALUES ('REC0052', N'Ngày: 2024-12-21, Triệu chứng: Buồn nôn, Ghi chú: Có dấu hiệu thuyên giảm', N'Cải thiện', 'TR016', 'BGPTNGK004');
INSERT INTO treatment_record (id, description, result, treatment_regime_id, patient_id) VALUES ('REC0053', N'Ngày: 2024-03-15, Triệu chứng: Đau lưng, Ghi chú: Có dấu hiệu thuyên giảm', N'Nặng thêm', 'TR035', 'TBPTNGK008');
INSERT INTO treatment_record (id, description, result, treatment_regime_id, patient_id) VALUES ('REC0054', N'Ngày: 2023-10-05, Triệu chứng: Chóng mặt, Ghi chú: Khuyên uống nhiều nước', N'Ổn định', 'TR017', 'VPPTNKH006');
INSERT INTO treatment_record (id, description, result, treatment_regime_id, patient_id) VALUES ('REC0055', N'Ngày: 2024-02-10, Triệu chứng: Buồn nôn, Ghi chú: Tái khám sau 1 tuần', N'Cải thiện', 'TR037', 'TBPTNKH001');
INSERT INTO treatment_record (id, description, result, treatment_regime_id, patient_id) VALUES ('REC0056', N'Ngày: 2025-02-02, Triệu chứng: Đau bụng, Ghi chú: Cần xét nghiệm bổ sung', N'Chưa khỏi', 'TR019', 'DNPTNK010');
INSERT INTO treatment_record (id, description, result, treatment_regime_id, patient_id) VALUES ('REC0057', N'Ngày: 2024-12-13, Triệu chứng: Mệt mỏi, Ghi chú: Khuyên uống nhiều nước', N'Chưa khỏi', 'TR080', 'NDPTNK001');
INSERT INTO treatment_record (id, description, result, treatment_regime_id, patient_id) VALUES ('REC0058', N'Ngày: 2024-10-25, Triệu chứng: Đau bụng, Ghi chú: Đã ổn định', N'Cải thiện', 'TR011', 'DNPTNKH005');
INSERT INTO treatment_record (id, description, result, treatment_regime_id, patient_id) VALUES ('REC0059', N'Ngày: 2025-01-19, Triệu chứng: Chóng mặt, Ghi chú: Hạn chế vận động mạnh', N'Cải thiện', 'TR089', 'VPPTNK006');
INSERT INTO treatment_record (id, description, result, treatment_regime_id, patient_id) VALUES ('REC0060', N'Ngày: 2024-07-03, Triệu chứng: Chóng mặt, Ghi chú: Có dấu hiệu thuyên giảm', N'Ổn định', 'TR091', 'VPPTNKH007');
INSERT INTO treatment_record (id, description, result, treatment_regime_id, patient_id) VALUES ('REC0061', N'Ngày: 2024-07-19, Triệu chứng: Đau đầu, Ghi chú: Chưa rõ nguyên nhân', N'Khỏi bệnh', 'TR010', 'NDPTNGK002');
INSERT INTO treatment_record (id, description, result, treatment_regime_id, patient_id) VALUES ('REC0062', N'Ngày: 2024-08-21, Triệu chứng: Buồn nôn, Ghi chú: Đã ổn định', N'Chưa khỏi', 'TR043', 'HNPTSK007');
INSERT INTO treatment_record (id, description, result, treatment_regime_id, patient_id) VALUES ('REC0063', N'Ngày: 2025-04-02, Triệu chứng: Đau lưng, Ghi chú: Chưa rõ nguyên nhân', N'Ổn định', 'TR001', 'HNPTSK004');
INSERT INTO treatment_record (id, description, result, treatment_regime_id, patient_id) VALUES ('REC0064', N'Ngày: 2025-03-07, Triệu chứng: Chóng mặt, Ghi chú: Hạn chế vận động mạnh', N'Chưa khỏi', 'TR039', 'VPPTNKH006');
INSERT INTO treatment_record (id, description, result, treatment_regime_id, patient_id) VALUES ('REC0065', N'Ngày: 2024-03-25, Triệu chứng: Đau bụng, Ghi chú: Khuyên thay đổi chế độ ăn', N'Cải thiện', 'TR072', 'THPTSK008');
INSERT INTO treatment_record (id, description, result, treatment_regime_id, patient_id) VALUES ('REC0066', N'Ngày: 2024-05-22, Triệu chứng: Ngứa, Ghi chú: Đã ổn định', N'Chưa khỏi', 'TR022', 'NDPTNGK004');
INSERT INTO treatment_record (id, description, result, treatment_regime_id, patient_id) VALUES ('REC0067', N'Ngày: 2024-08-20, Triệu chứng: Đau đầu, Ghi chú: Theo dõi huyết áp', N'Ổn định', 'TR017', 'DNPTNKH010');
INSERT INTO treatment_record (id, description, result, treatment_regime_id, patient_id) VALUES ('REC0068', N'Ngày: 2023-08-25, Triệu chứng: Đau lưng, Ghi chú: Phản ứng tốt với thuốc', N'Chưa khỏi', 'TR019', 'DNPTSK002');
INSERT INTO treatment_record (id, description, result, treatment_regime_id, patient_id) VALUES ('REC0069', N'Ngày: 2023-12-05, Triệu chứng: Mệt mỏi, Ghi chú: Cần xét nghiệm bổ sung', N'Chưa khỏi', 'TR017', 'HNPTSK003');
INSERT INTO treatment_record (id, description, result, treatment_regime_id, patient_id) VALUES ('REC0070', N'Ngày: 2023-05-25, Triệu chứng: Đau lưng, Ghi chú: Khuyên thay đổi chế độ ăn', N'Chưa khỏi', 'TR037', 'DNPTSK001');
INSERT INTO treatment_record (id, description, result, treatment_regime_id, patient_id) VALUES ('REC0071', N'Ngày: 2024-11-01, Triệu chứng: Chóng mặt, Ghi chú: Chỉ định nghỉ ngơi', N'Chưa khỏi', 'TR041', 'BGPTSK005');
INSERT INTO treatment_record (id, description, result, treatment_regime_id, patient_id) VALUES ('REC0072', N'Ngày: 2024-06-19, Triệu chứng: Sốt, Ghi chú: Chưa rõ nguyên nhân', N'Nặng thêm', 'TR098', 'BGPTNGK002');
INSERT INTO treatment_record (id, description, result, treatment_regime_id, patient_id) VALUES ('REC0073', N'Ngày: 2024-11-21, Triệu chứng: Sốt, Ghi chú: Cần theo dõi thêm', N'Cải thiện', 'TR025', 'HNPTSK008');
INSERT INTO treatment_record (id, description, result, treatment_regime_id, patient_id) VALUES ('REC0074', N'Ngày: 2023-09-15, Triệu chứng: Mệt mỏi, Ghi chú: Cần xét nghiệm bổ sung', N'Cải thiện', 'TR005', 'TBPTNGK004');
INSERT INTO treatment_record (id, description, result, treatment_regime_id, patient_id) VALUES ('REC0075', N'Ngày: 2024-10-09, Triệu chứng: Đau đầu, Ghi chú: Đã ổn định', N'Khỏi bệnh', 'TR056', 'DNPTNKH010');
INSERT INTO treatment_record (id, description, result, treatment_regime_id, patient_id) VALUES ('REC0076', N'Ngày: 2023-08-24, Triệu chứng: Ngứa, Ghi chú: Đã ổn định', N'Nặng thêm', 'TR046', 'DNPTSK007');
INSERT INTO treatment_record (id, description, result, treatment_regime_id, patient_id) VALUES ('REC0077', N'Ngày: 2023-09-05, Triệu chứng: Sốt, Ghi chú: Phản ứng tốt với thuốc', N'Chưa khỏi', 'TR015', 'BGPTNGK003');
INSERT INTO treatment_record (id, description, result, treatment_regime_id, patient_id) VALUES ('REC0078', N'Ngày: 2024-03-07, Triệu chứng: Đau lưng, Ghi chú: Chỉ định nghỉ ngơi', N'Cải thiện', 'TR027', 'THPTNK008');
INSERT INTO treatment_record (id, description, result, treatment_regime_id, patient_id) VALUES ('REC0079', N'Ngày: 2024-07-31, Triệu chứng: Ho, Ghi chú: Hạn chế vận động mạnh', N'Ổn định', 'TR035', 'BGPTSK001');
INSERT INTO treatment_record (id, description, result, treatment_regime_id, patient_id) VALUES ('REC0080', N'Ngày: 2024-12-09, Triệu chứng: Đau bụng, Ghi chú: Chưa rõ nguyên nhân', N'Ổn định', 'TR075', 'TBPTSK009');
INSERT INTO treatment_record (id, description, result, treatment_regime_id, patient_id) VALUES ('REC0081', N'Ngày: 2023-12-11, Triệu chứng: Đau đầu, Ghi chú: Khuyên uống nhiều nước', N'Nặng thêm', 'TR054', 'TBPTNGK003');
INSERT INTO treatment_record (id, description, result, treatment_regime_id, patient_id) VALUES ('REC0082', N'Ngày: 2023-06-28, Triệu chứng: Đau bụng, Ghi chú: Cần xét nghiệm bổ sung', N'Khỏi bệnh', 'TR043', 'THPTNK009');
INSERT INTO treatment_record (id, description, result, treatment_regime_id, patient_id) VALUES ('REC0083', N'Ngày: 2025-04-30, Triệu chứng: Ho, Ghi chú: Phản ứng tốt với thuốc', N'Chưa khỏi', 'TR048', 'DNPTNK002');
INSERT INTO treatment_record (id, description, result, treatment_regime_id, patient_id) VALUES ('REC0084', N'Ngày: 2024-12-01, Triệu chứng: Đau đầu, Ghi chú: Đã ổn định', N'Nặng thêm', 'TR004', 'THPTNKH009');
INSERT INTO treatment_record (id, description, result, treatment_regime_id, patient_id) VALUES ('REC0085', N'Ngày: 2024-09-25, Triệu chứng: Đau lưng, Ghi chú: Khuyên thay đổi chế độ ăn', N'Khỏi bệnh', 'TR081', 'DNPTNKH003');
INSERT INTO treatment_record (id, description, result, treatment_regime_id, patient_id) VALUES ('REC0086', N'Ngày: 2024-02-29, Triệu chứng: Ho, Ghi chú: Đã ổn định', N'Chưa khỏi', 'TR006', 'VPPTNK009');
INSERT INTO treatment_record (id, description, result, treatment_regime_id, patient_id) VALUES ('REC0087', N'Ngày: 2024-11-17, Triệu chứng: Đau bụng, Ghi chú: Hạn chế vận động mạnh', N'Chưa khỏi', 'TR028', 'THPTSK007');
INSERT INTO treatment_record (id, description, result, treatment_regime_id, patient_id) VALUES ('REC0088', N'Ngày: 2025-01-10, Triệu chứng: Đau đầu, Ghi chú: Chưa rõ nguyên nhân', N'Ổn định', 'TR008', 'VPPTNK006');
INSERT INTO treatment_record (id, description, result, treatment_regime_id, patient_id) VALUES ('REC0089', N'Ngày: 2023-11-27, Triệu chứng: Chóng mặt, Ghi chú: Cần xét nghiệm bổ sung', N'Cải thiện', 'TR012', 'VPPTNKH006');
INSERT INTO treatment_record (id, description, result, treatment_regime_id, patient_id) VALUES ('REC0090', N'Ngày: 2024-10-25, Triệu chứng: Chóng mặt, Ghi chú: Phản ứng tốt với thuốc', N'Khỏi bệnh', 'TR099', 'NDPTNK003');
INSERT INTO treatment_record (id, description, result, treatment_regime_id, patient_id) VALUES ('REC0091', N'Ngày: 2024-09-01, Triệu chứng: Chóng mặt, Ghi chú: Tái khám sau 1 tuần', N'Chưa khỏi', 'TR021', 'TBPTSK007');
INSERT INTO treatment_record (id, description, result, treatment_regime_id, patient_id) VALUES ('REC0092', N'Ngày: 2024-04-06, Triệu chứng: Đau lưng, Ghi chú: Đã ổn định', N'Nặng thêm', 'TR016', 'THPTNKH009');
INSERT INTO treatment_record (id, description, result, treatment_regime_id, patient_id) VALUES ('REC0093', N'Ngày: 2024-11-16, Triệu chứng: Ho, Ghi chú: Chỉ định nghỉ ngơi', N'Chưa khỏi', 'TR088', 'NDPTNKH009');
INSERT INTO treatment_record (id, description, result, treatment_regime_id, patient_id) VALUES ('REC0094', N'Ngày: 2024-05-07, Triệu chứng: Ngứa, Ghi chú: Khuyên uống nhiều nước', N'Nặng thêm', 'TR048', 'THPTNK010');
INSERT INTO treatment_record (id, description, result, treatment_regime_id, patient_id) VALUES ('REC0095', N'Ngày: 2023-10-07, Triệu chứng: Mệt mỏi, Ghi chú: Cần xét nghiệm bổ sung', N'Ổn định', 'TR050', 'DNPTSK009');
INSERT INTO treatment_record (id, description, result, treatment_regime_id, patient_id) VALUES ('REC0096', N'Ngày: 2024-04-22, Triệu chứng: Chóng mặt, Ghi chú: Theo dõi huyết áp', N'Ổn định', 'TR012', 'DNPTNGK007');
INSERT INTO treatment_record (id, description, result, treatment_regime_id, patient_id) VALUES ('REC0097', N'Ngày: 2024-02-16, Triệu chứng: Chóng mặt, Ghi chú: Phản ứng tốt với thuốc', N'Khỏi bệnh', 'TR056', 'TBPTNGK006');
INSERT INTO treatment_record (id, description, result, treatment_regime_id, patient_id) VALUES ('REC0098', N'Ngày: 2025-01-27, Triệu chứng: Mệt mỏi, Ghi chú: Hạn chế vận động mạnh', N'Cải thiện', 'TR044', 'BGPTSK003');
INSERT INTO treatment_record (id, description, result, treatment_regime_id, patient_id) VALUES ('REC0099', N'Ngày: 2024-05-16, Triệu chứng: Ngứa, Ghi chú: Hạn chế vận động mạnh', N'Ổn định', 'TR064', 'THPTNKH010');
INSERT INTO treatment_record (id, description, result, treatment_regime_id, patient_id) VALUES ('REC0100', N'Ngày: 2024-06-11, Triệu chứng: Mệt mỏi, Ghi chú: Tái khám sau 1 tuần', N'Khỏi bệnh', 'TR038', 'THPTNK003');
INSERT INTO treatment_record (id, description, result, treatment_regime_id, patient_id) VALUES ('REC0101', N'Ngày: 2023-12-26, Triệu chứng: Sốt, Ghi chú: Chỉ định nghỉ ngơi', N'Chưa khỏi', 'TR039', 'BGPTNK005');
INSERT INTO treatment_record (id, description, result, treatment_regime_id, patient_id) VALUES ('REC0102', N'Ngày: 2023-12-18, Triệu chứng: Chóng mặt, Ghi chú: Cần xét nghiệm bổ sung', N'Ổn định', 'TR067', 'NDPTNK008');
INSERT INTO treatment_record (id, description, result, treatment_regime_id, patient_id) VALUES ('REC0103', N'Ngày: 2024-04-14, Triệu chứng: Đau đầu, Ghi chú: Cần theo dõi thêm', N'Ổn định', 'TR071', 'HNPTSK005');
INSERT INTO treatment_record (id, description, result, treatment_regime_id, patient_id) VALUES ('REC0104', N'Ngày: 2024-06-25, Triệu chứng: Chóng mặt, Ghi chú: Tái khám sau 1 tuần', N'Khỏi bệnh', 'TR066', 'THPTNGK006');
INSERT INTO treatment_record (id, description, result, treatment_regime_id, patient_id) VALUES ('REC0105', N'Ngày: 2024-11-26, Triệu chứng: Ho, Ghi chú: Cần xét nghiệm bổ sung', N'Chưa khỏi', 'TR085', 'DNPTNKH008');
INSERT INTO treatment_record (id, description, result, treatment_regime_id, patient_id) VALUES ('REC0106', N'Ngày: 2025-04-01, Triệu chứng: Đau đầu, Ghi chú: Chưa rõ nguyên nhân', N'Khỏi bệnh', 'TR075', 'NDPTNGK001');
INSERT INTO treatment_record (id, description, result, treatment_regime_id, patient_id) VALUES ('REC0107', N'Ngày: 2025-05-04, Triệu chứng: Mệt mỏi, Ghi chú: Chỉ định nghỉ ngơi', N'Cải thiện', 'TR095', 'THPTNGK009');
INSERT INTO treatment_record (id, description, result, treatment_regime_id, patient_id) VALUES ('REC0108', N'Ngày: 2025-02-08, Triệu chứng: Đau đầu, Ghi chú: Tái khám sau 1 tuần', N'Chưa khỏi', 'TR006', 'DNPTNK002');
INSERT INTO treatment_record (id, description, result, treatment_regime_id, patient_id) VALUES ('REC0109', N'Ngày: 2023-11-11, Triệu chứng: Mệt mỏi, Ghi chú: Hạn chế vận động mạnh', N'Nặng thêm', 'TR076', 'VPPTNK001');
INSERT INTO treatment_record (id, description, result, treatment_regime_id, patient_id) VALUES ('REC0110', N'Ngày: 2024-01-10, Triệu chứng: Sốt, Ghi chú: Khuyên uống nhiều nước', N'Cải thiện', 'TR044', 'NDPTNGK006');
INSERT INTO treatment_record (id, description, result, treatment_regime_id, patient_id) VALUES ('REC0111', N'Ngày: 2024-09-22, Triệu chứng: Ho, Ghi chú: Cần xét nghiệm bổ sung', N'Khỏi bệnh', 'TR096', 'THPTNK001');
INSERT INTO treatment_record (id, description, result, treatment_regime_id, patient_id) VALUES ('REC0112', N'Ngày: 2025-03-14, Triệu chứng: Đau bụng, Ghi chú: Cần theo dõi thêm', N'Nặng thêm', 'TR069', 'DNPTSK003');
INSERT INTO treatment_record (id, description, result, treatment_regime_id, patient_id) VALUES ('REC0113', N'Ngày: 2023-07-24, Triệu chứng: Sốt, Ghi chú: Hạn chế vận động mạnh', N'Nặng thêm', 'TR002', 'THPTNGK010');
INSERT INTO treatment_record (id, description, result, treatment_regime_id, patient_id) VALUES ('REC0114', N'Ngày: 2024-01-10, Triệu chứng: Chóng mặt, Ghi chú: Hạn chế vận động mạnh', N'Ổn định', 'TR089', 'DNPTNKH006');
INSERT INTO treatment_record (id, description, result, treatment_regime_id, patient_id) VALUES ('REC0115', N'Ngày: 2024-03-28, Triệu chứng: Ho, Ghi chú: Khuyên thay đổi chế độ ăn', N'Chưa khỏi', 'TR039', 'BGPTNK010');
INSERT INTO treatment_record (id, description, result, treatment_regime_id, patient_id) VALUES ('REC0116', N'Ngày: 2025-01-05, Triệu chứng: Đau đầu, Ghi chú: Chỉ định nghỉ ngơi', N'Cải thiện', 'TR039', 'DNPTNK003');
INSERT INTO treatment_record (id, description, result, treatment_regime_id, patient_id) VALUES ('REC0117', N'Ngày: 2024-01-15, Triệu chứng: Đau đầu, Ghi chú: Cần theo dõi thêm', N'Cải thiện', 'TR025', 'HNPTNK008');
INSERT INTO treatment_record (id, description, result, treatment_regime_id, patient_id) VALUES ('REC0118', N'Ngày: 2025-03-04, Triệu chứng: Mệt mỏi, Ghi chú: Hạn chế vận động mạnh', N'Cải thiện', 'TR027', 'HNPTNGK004');
INSERT INTO treatment_record (id, description, result, treatment_regime_id, patient_id) VALUES ('REC0119', N'Ngày: 2023-07-27, Triệu chứng: Ngứa, Ghi chú: Khuyên uống nhiều nước', N'Khỏi bệnh', 'TR056', 'NDPTNK004');
INSERT INTO treatment_record (id, description, result, treatment_regime_id, patient_id) VALUES ('REC0120', N'Ngày: 2024-09-21, Triệu chứng: Mệt mỏi, Ghi chú: Chỉ định nghỉ ngơi', N'Nặng thêm', 'TR099', 'NDPTNKH005');
INSERT INTO treatment_record (id, description, result, treatment_regime_id, patient_id) VALUES ('REC0121', N'Ngày: 2023-07-18, Triệu chứng: Đau đầu, Ghi chú: Chỉ định nghỉ ngơi', N'Cải thiện', 'TR003', 'DNPTNGK007');
INSERT INTO treatment_record (id, description, result, treatment_regime_id, patient_id) VALUES ('REC0122', N'Ngày: 2023-07-16, Triệu chứng: Mệt mỏi, Ghi chú: Cần theo dõi thêm', N'Nặng thêm', 'TR063', 'DNPTSK008');
INSERT INTO treatment_record (id, description, result, treatment_regime_id, patient_id) VALUES ('REC0123', N'Ngày: 2024-12-04, Triệu chứng: Đau lưng, Ghi chú: Khuyên thay đổi chế độ ăn', N'Nặng thêm', 'TR026', 'NDPTNK005');
INSERT INTO treatment_record (id, description, result, treatment_regime_id, patient_id) VALUES ('REC0124', N'Ngày: 2023-11-20, Triệu chứng: Đau bụng, Ghi chú: Phản ứng tốt với thuốc', N'Nặng thêm', 'TR043', 'HNPTSK007');
INSERT INTO treatment_record (id, description, result, treatment_regime_id, patient_id) VALUES ('REC0125', N'Ngày: 2023-07-29, Triệu chứng: Ho, Ghi chú: Khuyên thay đổi chế độ ăn', N'Ổn định', 'TR064', 'DNPTNGK003');
INSERT INTO treatment_record (id, description, result, treatment_regime_id, patient_id) VALUES ('REC0126', N'Ngày: 2023-09-23, Triệu chứng: Mệt mỏi, Ghi chú: Tái khám sau 1 tuần', N'Nặng thêm', 'TR005', 'NDPTSK009');
INSERT INTO treatment_record (id, description, result, treatment_regime_id, patient_id) VALUES ('REC0127', N'Ngày: 2024-08-06, Triệu chứng: Ho, Ghi chú: Hạn chế vận động mạnh', N'Nặng thêm', 'TR076', 'BGPTSK003');
INSERT INTO treatment_record (id, description, result, treatment_regime_id, patient_id) VALUES ('REC0128', N'Ngày: 2023-07-01, Triệu chứng: Đau bụng, Ghi chú: Chưa rõ nguyên nhân', N'Khỏi bệnh', 'TR092', 'TBPTNKH009');
INSERT INTO treatment_record (id, description, result, treatment_regime_id, patient_id) VALUES ('REC0129', N'Ngày: 2023-07-22, Triệu chứng: Khó thở, Ghi chú: Chưa rõ nguyên nhân', N'Khỏi bệnh', 'TR074', 'DNPTNGK007');
INSERT INTO treatment_record (id, description, result, treatment_regime_id, patient_id) VALUES ('REC0130', N'Ngày: 2024-12-15, Triệu chứng: Chóng mặt, Ghi chú: Đã ổn định', N'Khỏi bệnh', 'TR083', 'NDPTNGK008');
INSERT INTO treatment_record (id, description, result, treatment_regime_id, patient_id) VALUES ('REC0131', N'Ngày: 2023-12-26, Triệu chứng: Khó thở, Ghi chú: Đã ổn định', N'Nặng thêm', 'TR080', 'BGPTNGK004');
INSERT INTO treatment_record (id, description, result, treatment_regime_id, patient_id) VALUES ('REC0132', N'Ngày: 2024-07-21, Triệu chứng: Đau lưng, Ghi chú: Có dấu hiệu thuyên giảm', N'Cải thiện', 'TR021', 'HNPTNGK001');
INSERT INTO treatment_record (id, description, result, treatment_regime_id, patient_id) VALUES ('REC0133', N'Ngày: 2025-05-09, Triệu chứng: Mệt mỏi, Ghi chú: Khuyên uống nhiều nước', N'Ổn định', 'TR045', 'BGPTNK001');
INSERT INTO treatment_record (id, description, result, treatment_regime_id, patient_id) VALUES ('REC0134', N'Ngày: 2024-06-03, Triệu chứng: Khó thở, Ghi chú: Khuyên thay đổi chế độ ăn', N'Nặng thêm', 'TR076', 'TBPTNKH003');
INSERT INTO treatment_record (id, description, result, treatment_regime_id, patient_id) VALUES ('REC0135', N'Ngày: 2025-02-03, Triệu chứng: Chóng mặt, Ghi chú: Tái khám sau 1 tuần', N'Chưa khỏi', 'TR038', 'THPTSK008');
INSERT INTO treatment_record (id, description, result, treatment_regime_id, patient_id) VALUES ('REC0136', N'Ngày: 2025-03-27, Triệu chứng: Ho, Ghi chú: Khuyên uống nhiều nước', N'Chưa khỏi', 'TR021', 'BGPTNK002');
INSERT INTO treatment_record (id, description, result, treatment_regime_id, patient_id) VALUES ('REC0137', N'Ngày: 2023-05-26, Triệu chứng: Mệt mỏi, Ghi chú: Chỉ định nghỉ ngơi', N'Cải thiện', 'TR086', 'THPTNK005');
INSERT INTO treatment_record (id, description, result, treatment_regime_id, patient_id) VALUES ('REC0138', N'Ngày: 2024-04-11, Triệu chứng: Ho, Ghi chú: Đã ổn định', N'Khỏi bệnh', 'TR021', 'TBPTSK003');
INSERT INTO treatment_record (id, description, result, treatment_regime_id, patient_id) VALUES ('REC0139', N'Ngày: 2024-10-24, Triệu chứng: Đau lưng, Ghi chú: Khuyên uống nhiều nước', N'Cải thiện', 'TR064', 'DNPTNGK003');
INSERT INTO treatment_record (id, description, result, treatment_regime_id, patient_id) VALUES ('REC0140', N'Ngày: 2024-06-16, Triệu chứng: Khó thở, Ghi chú: Cần xét nghiệm bổ sung', N'Chưa khỏi', 'TR003', 'HNPTSK005');
INSERT INTO treatment_record (id, description, result, treatment_regime_id, patient_id) VALUES ('REC0141', N'Ngày: 2025-05-11, Triệu chứng: Ngứa, Ghi chú: Cần theo dõi thêm', N'Khỏi bệnh', 'TR023', 'TBPTNK002');
INSERT INTO treatment_record (id, description, result, treatment_regime_id, patient_id) VALUES ('REC0142', N'Ngày: 2024-12-05, Triệu chứng: Đau đầu, Ghi chú: Khuyên thay đổi chế độ ăn', N'Cải thiện', 'TR056', 'VPPTNGK003');
INSERT INTO treatment_record (id, description, result, treatment_regime_id, patient_id) VALUES ('REC0143', N'Ngày: 2023-08-31, Triệu chứng: Buồn nôn, Ghi chú: Đã ổn định', N'Chưa khỏi', 'TR072', 'THPTSK002');
INSERT INTO treatment_record (id, description, result, treatment_regime_id, patient_id) VALUES ('REC0144', N'Ngày: 2024-05-24, Triệu chứng: Đau bụng, Ghi chú: Chưa rõ nguyên nhân', N'Chưa khỏi', 'TR046', 'VPPTNGK005');
INSERT INTO treatment_record (id, description, result, treatment_regime_id, patient_id) VALUES ('REC0145', N'Ngày: 2024-06-07, Triệu chứng: Ngứa, Ghi chú: Khuyên thay đổi chế độ ăn', N'Khỏi bệnh', 'TR089', 'THPTNKH008');
INSERT INTO treatment_record (id, description, result, treatment_regime_id, patient_id) VALUES ('REC0146', N'Ngày: 2024-06-21, Triệu chứng: Mệt mỏi, Ghi chú: Phản ứng tốt với thuốc', N'Khỏi bệnh', 'TR057', 'HNPTSK006');
INSERT INTO treatment_record (id, description, result, treatment_regime_id, patient_id) VALUES ('REC0147', N'Ngày: 2024-10-31, Triệu chứng: Đau bụng, Ghi chú: Chưa rõ nguyên nhân', N'Khỏi bệnh', 'TR072', 'THPTNGK003');
INSERT INTO treatment_record (id, description, result, treatment_regime_id, patient_id) VALUES ('REC0148', N'Ngày: 2024-10-24, Triệu chứng: Đau đầu, Ghi chú: Khuyên uống nhiều nước', N'Chưa khỏi', 'TR081', 'TBPTNK006');
INSERT INTO treatment_record (id, description, result, treatment_regime_id, patient_id) VALUES ('REC0149', N'Ngày: 2025-04-06, Triệu chứng: Đau lưng, Ghi chú: Có dấu hiệu thuyên giảm', N'Nặng thêm', 'TR094', 'TBPTNK001');
INSERT INTO treatment_record (id, description, result, treatment_regime_id, patient_id) VALUES ('REC0150', N'Ngày: 2024-07-04, Triệu chứng: Đau đầu, Ghi chú: Chỉ định nghỉ ngơi', N'Chưa khỏi', 'TR064', 'BGPTNGK010');
INSERT INTO treatment_record (id, description, result, treatment_regime_id, patient_id) VALUES ('REC0151', N'Ngày: 2024-11-10, Triệu chứng: Đau đầu, Ghi chú: Khuyên uống nhiều nước', N'Nặng thêm', 'TR018', 'VPPTNGK002');
INSERT INTO treatment_record (id, description, result, treatment_regime_id, patient_id) VALUES ('REC0152', N'Ngày: 2023-08-22, Triệu chứng: Đau bụng, Ghi chú: Khuyên uống nhiều nước', N'Nặng thêm', 'TR099', 'DNPTNGK003');
INSERT INTO treatment_record (id, description, result, treatment_regime_id, patient_id) VALUES ('REC0153', N'Ngày: 2024-03-27, Triệu chứng: Ngứa, Ghi chú: Chỉ định nghỉ ngơi', N'Khỏi bệnh', 'TR037', 'VPPTNGK005');
INSERT INTO treatment_record (id, description, result, treatment_regime_id, patient_id) VALUES ('REC0154', N'Ngày: 2023-05-28, Triệu chứng: Chóng mặt, Ghi chú: Theo dõi huyết áp', N'Cải thiện', 'TR048', 'NDPTNGK007');
INSERT INTO treatment_record (id, description, result, treatment_regime_id, patient_id) VALUES ('REC0155', N'Ngày: 2024-09-07, Triệu chứng: Ngứa, Ghi chú: Tái khám sau 1 tuần', N'Cải thiện', 'TR097', 'THPTNKH008');
INSERT INTO treatment_record (id, description, result, treatment_regime_id, patient_id) VALUES ('REC0156', N'Ngày: 2023-10-12, Triệu chứng: Chóng mặt, Ghi chú: Tái khám sau 1 tuần', N'Nặng thêm', 'TR055', 'THPTNKH001');
INSERT INTO treatment_record (id, description, result, treatment_regime_id, patient_id) VALUES ('REC0157', N'Ngày: 2025-04-24, Triệu chứng: Khó thở, Ghi chú: Cần theo dõi thêm', N'Nặng thêm', 'TR088', 'BGPTSK005');
INSERT INTO treatment_record (id, description, result, treatment_regime_id, patient_id) VALUES ('REC0158', N'Ngày: 2025-02-21, Triệu chứng: Đau bụng, Ghi chú: Có dấu hiệu thuyên giảm', N'Ổn định', 'TR099', 'THPTNKH005');
INSERT INTO treatment_record (id, description, result, treatment_regime_id, patient_id) VALUES ('REC0159', N'Ngày: 2024-12-17, Triệu chứng: Khó thở, Ghi chú: Theo dõi huyết áp', N'Nặng thêm', 'TR011', 'HNPTNKH006');
INSERT INTO treatment_record (id, description, result, treatment_regime_id, patient_id) VALUES ('REC0160', N'Ngày: 2023-05-23, Triệu chứng: Đau bụng, Ghi chú: Tái khám sau 1 tuần', N'Khỏi bệnh', 'TR056', 'TBPTNK005');
INSERT INTO treatment_record (id, description, result, treatment_regime_id, patient_id) VALUES ('REC0161', N'Ngày: 2024-11-22, Triệu chứng: Đau bụng, Ghi chú: Hạn chế vận động mạnh', N'Ổn định', 'TR074', 'THPTNKH008');
INSERT INTO treatment_record (id, description, result, treatment_regime_id, patient_id) VALUES ('REC0162', N'Ngày: 2024-04-12, Triệu chứng: Chóng mặt, Ghi chú: Hạn chế vận động mạnh', N'Ổn định', 'TR054', 'NDPTNKH002');
INSERT INTO treatment_record (id, description, result, treatment_regime_id, patient_id) VALUES ('REC0163', N'Ngày: 2024-11-13, Triệu chứng: Khó thở, Ghi chú: Theo dõi huyết áp', N'Khỏi bệnh', 'TR093', 'NDPTNKH006');
INSERT INTO treatment_record (id, description, result, treatment_regime_id, patient_id) VALUES ('REC0164', N'Ngày: 2024-07-06, Triệu chứng: Ho, Ghi chú: Chỉ định nghỉ ngơi', N'Nặng thêm', 'TR068', 'NDPTSK004');
INSERT INTO treatment_record (id, description, result, treatment_regime_id, patient_id) VALUES ('REC0165', N'Ngày: 2024-12-20, Triệu chứng: Buồn nôn, Ghi chú: Chưa rõ nguyên nhân', N'Ổn định', 'TR083', 'DNPTSK009');
INSERT INTO treatment_record (id, description, result, treatment_regime_id, patient_id) VALUES ('REC0166', N'Ngày: 2024-02-10, Triệu chứng: Khó thở, Ghi chú: Hạn chế vận động mạnh', N'Nặng thêm', 'TR090', 'DNPTSK007');
INSERT INTO treatment_record (id, description, result, treatment_regime_id, patient_id) VALUES ('REC0167', N'Ngày: 2023-11-23, Triệu chứng: Đau đầu, Ghi chú: Cần theo dõi thêm', N'Ổn định', 'TR039', 'TBPTSK002');
INSERT INTO treatment_record (id, description, result, treatment_regime_id, patient_id) VALUES ('REC0168', N'Ngày: 2024-12-11, Triệu chứng: Sốt, Ghi chú: Chưa rõ nguyên nhân', N'Ổn định', 'TR050', 'VPPTNGK002');
INSERT INTO treatment_record (id, description, result, treatment_regime_id, patient_id) VALUES ('REC0169', N'Ngày: 2024-10-12, Triệu chứng: Đau đầu, Ghi chú: Chưa rõ nguyên nhân', N'Ổn định', 'TR028', 'NDPTSK006');
INSERT INTO treatment_record (id, description, result, treatment_regime_id, patient_id) VALUES ('REC0170', N'Ngày: 2025-05-01, Triệu chứng: Khó thở, Ghi chú: Hạn chế vận động mạnh', N'Cải thiện', 'TR067', 'NDPTNKH010');
INSERT INTO treatment_record (id, description, result, treatment_regime_id, patient_id) VALUES ('REC0171', N'Ngày: 2025-02-15, Triệu chứng: Ngứa, Ghi chú: Khuyên thay đổi chế độ ăn', N'Chưa khỏi', 'TR004', 'HNPTNGK002');
INSERT INTO treatment_record (id, description, result, treatment_regime_id, patient_id) VALUES ('REC0172', N'Ngày: 2025-03-31, Triệu chứng: Đau lưng, Ghi chú: Có dấu hiệu thuyên giảm', N'Nặng thêm', 'TR100', 'NDPTNK004');
INSERT INTO treatment_record (id, description, result, treatment_regime_id, patient_id) VALUES ('REC0173', N'Ngày: 2024-07-01, Triệu chứng: Đau bụng, Ghi chú: Theo dõi huyết áp', N'Chưa khỏi', 'TR015', 'BGPTNGK009');
INSERT INTO treatment_record (id, description, result, treatment_regime_id, patient_id) VALUES ('REC0174', N'Ngày: 2024-10-30, Triệu chứng: Đau đầu, Ghi chú: Cần theo dõi thêm', N'Khỏi bệnh', 'TR046', 'BGPTNGK010');
INSERT INTO treatment_record (id, description, result, treatment_regime_id, patient_id) VALUES ('REC0175', N'Ngày: 2024-09-02, Triệu chứng: Ho, Ghi chú: Có dấu hiệu thuyên giảm', N'Khỏi bệnh', 'TR039', 'DNPTSK010');
INSERT INTO treatment_record (id, description, result, treatment_regime_id, patient_id) VALUES ('REC0176', N'Ngày: 2023-06-19, Triệu chứng: Buồn nôn, Ghi chú: Có dấu hiệu thuyên giảm', N'Ổn định', 'TR044', 'DNPTNKH003');
INSERT INTO treatment_record (id, description, result, treatment_regime_id, patient_id) VALUES ('REC0177', N'Ngày: 2024-08-31, Triệu chứng: Buồn nôn, Ghi chú: Theo dõi huyết áp', N'Chưa khỏi', 'TR077', 'BGPTNKH004');
INSERT INTO treatment_record (id, description, result, treatment_regime_id, patient_id) VALUES ('REC0178', N'Ngày: 2024-04-30, Triệu chứng: Ho, Ghi chú: Hạn chế vận động mạnh', N'Cải thiện', 'TR086', 'NDPTSK006');
INSERT INTO treatment_record (id, description, result, treatment_regime_id, patient_id) VALUES ('REC0179', N'Ngày: 2023-09-25, Triệu chứng: Buồn nôn, Ghi chú: Phản ứng tốt với thuốc', N'Chưa khỏi', 'TR067', 'VPPTNKH004');
INSERT INTO treatment_record (id, description, result, treatment_regime_id, patient_id) VALUES ('REC0180', N'Ngày: 2024-10-22, Triệu chứng: Buồn nôn, Ghi chú: Theo dõi huyết áp', N'Nặng thêm', 'TR075', 'BGPTSK005');
INSERT INTO treatment_record (id, description, result, treatment_regime_id, patient_id) VALUES ('REC0181', N'Ngày: 2025-05-09, Triệu chứng: Chóng mặt, Ghi chú: Tái khám sau 1 tuần', N'Khỏi bệnh', 'TR019', 'THPTNGK001');
INSERT INTO treatment_record (id, description, result, treatment_regime_id, patient_id) VALUES ('REC0182', N'Ngày: 2025-04-02, Triệu chứng: Chóng mặt, Ghi chú: Chỉ định nghỉ ngơi', N'Nặng thêm', 'TR008', 'THPTNK008');
INSERT INTO treatment_record (id, description, result, treatment_regime_id, patient_id) VALUES ('REC0183', N'Ngày: 2024-12-31, Triệu chứng: Đau đầu, Ghi chú: Theo dõi huyết áp', N'Ổn định', 'TR058', 'TBPTSK010');
INSERT INTO treatment_record (id, description, result, treatment_regime_id, patient_id) VALUES ('REC0184', N'Ngày: 2024-06-27, Triệu chứng: Ngứa, Ghi chú: Chưa rõ nguyên nhân', N'Nặng thêm', 'TR076', 'DNPTNK007');
INSERT INTO treatment_record (id, description, result, treatment_regime_id, patient_id) VALUES ('REC0185', N'Ngày: 2025-04-19, Triệu chứng: Mệt mỏi, Ghi chú: Hạn chế vận động mạnh', N'Nặng thêm', 'TR075', 'NDPTNGK006');
INSERT INTO treatment_record (id, description, result, treatment_regime_id, patient_id) VALUES ('REC0186', N'Ngày: 2023-11-08, Triệu chứng: Mệt mỏi, Ghi chú: Có dấu hiệu thuyên giảm', N'Nặng thêm', 'TR089', 'DNPTSK006');
INSERT INTO treatment_record (id, description, result, treatment_regime_id, patient_id) VALUES ('REC0187', N'Ngày: 2023-09-30, Triệu chứng: Ngứa, Ghi chú: Chỉ định nghỉ ngơi', N'Nặng thêm', 'TR019', 'TBPTNK004');
INSERT INTO treatment_record (id, description, result, treatment_regime_id, patient_id) VALUES ('REC0188', N'Ngày: 2023-07-15, Triệu chứng: Ngứa, Ghi chú: Chưa rõ nguyên nhân', N'Khỏi bệnh', 'TR017', 'DNPTNKH005');
INSERT INTO treatment_record (id, description, result, treatment_regime_id, patient_id) VALUES ('REC0189', N'Ngày: 2024-02-27, Triệu chứng: Mệt mỏi, Ghi chú: Cần theo dõi thêm', N'Cải thiện', 'TR059', 'TBPTSK009');
INSERT INTO treatment_record (id, description, result, treatment_regime_id, patient_id) VALUES ('REC0190', N'Ngày: 2025-02-27, Triệu chứng: Ho, Ghi chú: Tái khám sau 1 tuần', N'Khỏi bệnh', 'TR016', 'VPPTSK010');
INSERT INTO treatment_record (id, description, result, treatment_regime_id, patient_id) VALUES ('REC0191', N'Ngày: 2023-08-29, Triệu chứng: Ho, Ghi chú: Cần xét nghiệm bổ sung', N'Khỏi bệnh', 'TR048', 'THPTSK002');
INSERT INTO treatment_record (id, description, result, treatment_regime_id, patient_id) VALUES ('REC0192', N'Ngày: 2024-06-19, Triệu chứng: Đau đầu, Ghi chú: Theo dõi huyết áp', N'Chưa khỏi', 'TR020', 'BGPTSK008');
INSERT INTO treatment_record (id, description, result, treatment_regime_id, patient_id) VALUES ('REC0193', N'Ngày: 2024-02-16, Triệu chứng: Đau lưng, Ghi chú: Đã ổn định', N'Khỏi bệnh', 'TR039', 'VPPTNKH002');
INSERT INTO treatment_record (id, description, result, treatment_regime_id, patient_id) VALUES ('REC0194', N'Ngày: 2023-06-26, Triệu chứng: Ho, Ghi chú: Tái khám sau 1 tuần', N'Khỏi bệnh', 'TR019', 'THPTNKH004');
INSERT INTO treatment_record (id, description, result, treatment_regime_id, patient_id) VALUES ('REC0195', N'Ngày: 2024-04-10, Triệu chứng: Buồn nôn, Ghi chú: Chỉ định nghỉ ngơi', N'Nặng thêm', 'TR037', 'NDPTNKH007');
INSERT INTO treatment_record (id, description, result, treatment_regime_id, patient_id) VALUES ('REC0196', N'Ngày: 2024-06-05, Triệu chứng: Ngứa, Ghi chú: Theo dõi huyết áp', N'Khỏi bệnh', 'TR016', 'HNPTNK002');
INSERT INTO treatment_record (id, description, result, treatment_regime_id, patient_id) VALUES ('REC0197', N'Ngày: 2024-03-07, Triệu chứng: Mệt mỏi, Ghi chú: Khuyên thay đổi chế độ ăn', N'Chưa khỏi', 'TR054', 'HNPTSK003');
INSERT INTO treatment_record (id, description, result, treatment_regime_id, patient_id) VALUES ('REC0198', N'Ngày: 2023-09-27, Triệu chứng: Chóng mặt, Ghi chú: Đã ổn định', N'Ổn định', 'TR044', 'DNPTNKH002');
INSERT INTO treatment_record (id, description, result, treatment_regime_id, patient_id) VALUES ('REC0199', N'Ngày: 2024-03-02, Triệu chứng: Sốt, Ghi chú: Chưa rõ nguyên nhân', N'Nặng thêm', 'TR098', 'THPTSK008');
INSERT INTO treatment_record (id, description, result, treatment_regime_id, patient_id) VALUES ('REC0200', N'Ngày: 2023-08-13, Triệu chứng: Mệt mỏi, Ghi chú: Chỉ định nghỉ ngơi', N'Chưa khỏi', 'TR086', 'DNPTNKH001');
INSERT INTO treatment_record (id, description, result, treatment_regime_id, patient_id) VALUES ('REC0201', N'Ngày: 2024-02-04, Triệu chứng: Ho, Ghi chú: Tái khám sau 1 tuần', N'Nặng thêm', 'TR080', 'THPTNK006');
INSERT INTO treatment_record (id, description, result, treatment_regime_id, patient_id) VALUES ('REC0202', N'Ngày: 2025-04-26, Triệu chứng: Khó thở, Ghi chú: Chưa rõ nguyên nhân', N'Khỏi bệnh', 'TR051', 'TBPTNKH010');
INSERT INTO treatment_record (id, description, result, treatment_regime_id, patient_id) VALUES ('REC0203', N'Ngày: 2024-10-26, Triệu chứng: Đau lưng, Ghi chú: Hạn chế vận động mạnh', N'Khỏi bệnh', 'TR095', 'DNPTSK007');
INSERT INTO treatment_record (id, description, result, treatment_regime_id, patient_id) VALUES ('REC0204', N'Ngày: 2023-11-27, Triệu chứng: Đau bụng, Ghi chú: Khuyên thay đổi chế độ ăn', N'Chưa khỏi', 'TR091', 'TBPTNK005');
INSERT INTO treatment_record (id, description, result, treatment_regime_id, patient_id) VALUES ('REC0205', N'Ngày: 2025-02-22, Triệu chứng: Ngứa, Ghi chú: Phản ứng tốt với thuốc', N'Cải thiện', 'TR083', 'THPTSK004');
INSERT INTO treatment_record (id, description, result, treatment_regime_id, patient_id) VALUES ('REC0206', N'Ngày: 2024-07-09, Triệu chứng: Đau bụng, Ghi chú: Khuyên thay đổi chế độ ăn', N'Ổn định', 'TR074', 'BGPTNKH008');
INSERT INTO treatment_record (id, description, result, treatment_regime_id, patient_id) VALUES ('REC0207', N'Ngày: 2025-03-08, Triệu chứng: Mệt mỏi, Ghi chú: Chưa rõ nguyên nhân', N'Khỏi bệnh', 'TR097', 'TBPTNGK007');
INSERT INTO treatment_record (id, description, result, treatment_regime_id, patient_id) VALUES ('REC0208', N'Ngày: 2025-01-02, Triệu chứng: Ngứa, Ghi chú: Chỉ định nghỉ ngơi', N'Khỏi bệnh', 'TR085', 'THPTSK002');
INSERT INTO treatment_record (id, description, result, treatment_regime_id, patient_id) VALUES ('REC0209', N'Ngày: 2025-03-14, Triệu chứng: Buồn nôn, Ghi chú: Có dấu hiệu thuyên giảm', N'Ổn định', 'TR027', 'NDPTSK001');
INSERT INTO treatment_record (id, description, result, treatment_regime_id, patient_id) VALUES ('REC0210', N'Ngày: 2023-08-17, Triệu chứng: Ngứa, Ghi chú: Khuyên thay đổi chế độ ăn', N'Chưa khỏi', 'TR011', 'DNPTSK008');
INSERT INTO treatment_record (id, description, result, treatment_regime_id, patient_id) VALUES ('REC0211', N'Ngày: 2023-12-29, Triệu chứng: Đau bụng, Ghi chú: Đã ổn định', N'Khỏi bệnh', 'TR076', 'DNPTNK006');
INSERT INTO treatment_record (id, description, result, treatment_regime_id, patient_id) VALUES ('REC0212', N'Ngày: 2024-01-05, Triệu chứng: Sốt, Ghi chú: Tái khám sau 1 tuần', N'Khỏi bệnh', 'TR056', 'VPPTNGK005');
INSERT INTO treatment_record (id, description, result, treatment_regime_id, patient_id) VALUES ('REC0213', N'Ngày: 2024-05-27, Triệu chứng: Chóng mặt, Ghi chú: Cần xét nghiệm bổ sung', N'Khỏi bệnh', 'TR041', 'BGPTNKH001');
INSERT INTO treatment_record (id, description, result, treatment_regime_id, patient_id) VALUES ('REC0214', N'Ngày: 2024-01-01, Triệu chứng: Ngứa, Ghi chú: Chỉ định nghỉ ngơi', N'Chưa khỏi', 'TR013', 'THPTNGK009');
INSERT INTO treatment_record (id, description, result, treatment_regime_id, patient_id) VALUES ('REC0215', N'Ngày: 2023-12-09, Triệu chứng: Đau lưng, Ghi chú: Phản ứng tốt với thuốc', N'Cải thiện', 'TR024', 'THPTNKH004');
INSERT INTO treatment_record (id, description, result, treatment_regime_id, patient_id) VALUES ('REC0216', N'Ngày: 2023-10-30, Triệu chứng: Sốt, Ghi chú: Cần theo dõi thêm', N'Ổn định', 'TR053', 'NDPTNKH008');
INSERT INTO treatment_record (id, description, result, treatment_regime_id, patient_id) VALUES ('REC0217', N'Ngày: 2023-05-19, Triệu chứng: Đau bụng, Ghi chú: Có dấu hiệu thuyên giảm', N'Khỏi bệnh', 'TR024', 'VPPTNK007');
INSERT INTO treatment_record (id, description, result, treatment_regime_id, patient_id) VALUES ('REC0218', N'Ngày: 2024-12-11, Triệu chứng: Đau đầu, Ghi chú: Theo dõi huyết áp', N'Cải thiện', 'TR050', 'NDPTNKH003');
INSERT INTO treatment_record (id, description, result, treatment_regime_id, patient_id) VALUES ('REC0219', N'Ngày: 2024-09-19, Triệu chứng: Đau lưng, Ghi chú: Tái khám sau 1 tuần', N'Khỏi bệnh', 'TR042', 'DNPTNGK002');
INSERT INTO treatment_record (id, description, result, treatment_regime_id, patient_id) VALUES ('REC0220', N'Ngày: 2024-08-01, Triệu chứng: Buồn nôn, Ghi chú: Khuyên thay đổi chế độ ăn', N'Ổn định', 'TR026', 'HNPTSK007');
INSERT INTO treatment_record (id, description, result, treatment_regime_id, patient_id) VALUES ('REC0221', N'Ngày: 2024-03-18, Triệu chứng: Ngứa, Ghi chú: Chưa rõ nguyên nhân', N'Nặng thêm', 'TR064', 'NDPTNK002');
INSERT INTO treatment_record (id, description, result, treatment_regime_id, patient_id) VALUES ('REC0222', N'Ngày: 2023-11-02, Triệu chứng: Đau bụng, Ghi chú: Theo dõi huyết áp', N'Nặng thêm', 'TR035', 'THPTNGK009');
INSERT INTO treatment_record (id, description, result, treatment_regime_id, patient_id) VALUES ('REC0223', N'Ngày: 2025-05-03, Triệu chứng: Mệt mỏi, Ghi chú: Cần theo dõi thêm', N'Nặng thêm', 'TR009', 'DNPTNK009');
INSERT INTO treatment_record (id, description, result, treatment_regime_id, patient_id) VALUES ('REC0224', N'Ngày: 2024-01-09, Triệu chứng: Đau lưng, Ghi chú: Chưa rõ nguyên nhân', N'Ổn định', 'TR003', 'TBPTNKH010');
INSERT INTO treatment_record (id, description, result, treatment_regime_id, patient_id) VALUES ('REC0225', N'Ngày: 2025-05-08, Triệu chứng: Ngứa, Ghi chú: Hạn chế vận động mạnh', N'Cải thiện', 'TR032', 'THPTNGK002');
INSERT INTO treatment_record (id, description, result, treatment_regime_id, patient_id) VALUES ('REC0226', N'Ngày: 2025-05-11, Triệu chứng: Chóng mặt, Ghi chú: Đã ổn định', N'Khỏi bệnh', 'TR073', 'NDPTNKH006');
INSERT INTO treatment_record (id, description, result, treatment_regime_id, patient_id) VALUES ('REC0227', N'Ngày: 2024-09-28, Triệu chứng: Sốt, Ghi chú: Theo dõi huyết áp', N'Ổn định', 'TR027', 'BGPTNGK007');
INSERT INTO treatment_record (id, description, result, treatment_regime_id, patient_id) VALUES ('REC0228', N'Ngày: 2024-06-21, Triệu chứng: Ngứa, Ghi chú: Tái khám sau 1 tuần', N'Ổn định', 'TR032', 'TBPTNK007');
INSERT INTO treatment_record (id, description, result, treatment_regime_id, patient_id) VALUES ('REC0229', N'Ngày: 2025-02-17, Triệu chứng: Đau bụng, Ghi chú: Đã ổn định', N'Ổn định', 'TR006', 'DNPTNKH002');
INSERT INTO treatment_record (id, description, result, treatment_regime_id, patient_id) VALUES ('REC0230', N'Ngày: 2025-04-10, Triệu chứng: Sốt, Ghi chú: Cần theo dõi thêm', N'Khỏi bệnh', 'TR084', 'NDPTSK009');
INSERT INTO treatment_record (id, description, result, treatment_regime_id, patient_id) VALUES ('REC0231', N'Ngày: 2023-06-14, Triệu chứng: Ho, Ghi chú: Cần xét nghiệm bổ sung', N'Nặng thêm', 'TR035', 'BGPTNK007');
INSERT INTO treatment_record (id, description, result, treatment_regime_id, patient_id) VALUES ('REC0232', N'Ngày: 2025-05-13, Triệu chứng: Buồn nôn, Ghi chú: Khuyên thay đổi chế độ ăn', N'Ổn định', 'TR081', 'VPPTNGK010');
INSERT INTO treatment_record (id, description, result, treatment_regime_id, patient_id) VALUES ('REC0233', N'Ngày: 2024-05-11, Triệu chứng: Sốt, Ghi chú: Có dấu hiệu thuyên giảm', N'Ổn định', 'TR006', 'NDPTSK005');
INSERT INTO treatment_record (id, description, result, treatment_regime_id, patient_id) VALUES ('REC0234', N'Ngày: 2025-04-10, Triệu chứng: Đau đầu, Ghi chú: Tái khám sau 1 tuần', N'Khỏi bệnh', 'TR039', 'HNPTNKH006');
INSERT INTO treatment_record (id, description, result, treatment_regime_id, patient_id) VALUES ('REC0235', N'Ngày: 2024-09-08, Triệu chứng: Ngứa, Ghi chú: Cần xét nghiệm bổ sung', N'Nặng thêm', 'TR093', 'THPTNKH002');
INSERT INTO treatment_record (id, description, result, treatment_regime_id, patient_id) VALUES ('REC0236', N'Ngày: 2025-03-06, Triệu chứng: Ngứa, Ghi chú: Theo dõi huyết áp', N'Chưa khỏi', 'TR079', 'TBPTSK008');
INSERT INTO treatment_record (id, description, result, treatment_regime_id, patient_id) VALUES ('REC0237', N'Ngày: 2024-05-31, Triệu chứng: Mệt mỏi, Ghi chú: Cần xét nghiệm bổ sung', N'Cải thiện', 'TR097', 'NDPTNGK004');
INSERT INTO treatment_record (id, description, result, treatment_regime_id, patient_id) VALUES ('REC0238', N'Ngày: 2023-07-01, Triệu chứng: Buồn nôn, Ghi chú: Đã ổn định', N'Ổn định', 'TR044', 'VPPTNK005');
INSERT INTO treatment_record (id, description, result, treatment_regime_id, patient_id) VALUES ('REC0239', N'Ngày: 2024-02-18, Triệu chứng: Sốt, Ghi chú: Hạn chế vận động mạnh', N'Khỏi bệnh', 'TR003', 'VPPTNK009');
INSERT INTO treatment_record (id, description, result, treatment_regime_id, patient_id) VALUES ('REC0240', N'Ngày: 2023-05-22, Triệu chứng: Đau bụng, Ghi chú: Hạn chế vận động mạnh', N'Cải thiện', 'TR001', 'BGPTNK004');
INSERT INTO treatment_record (id, description, result, treatment_regime_id, patient_id) VALUES ('REC0241', N'Ngày: 2024-09-07, Triệu chứng: Mệt mỏi, Ghi chú: Tái khám sau 1 tuần', N'Ổn định', 'TR072', 'DNPTNGK002');
INSERT INTO treatment_record (id, description, result, treatment_regime_id, patient_id) VALUES ('REC0242', N'Ngày: 2024-05-09, Triệu chứng: Đau đầu, Ghi chú: Chưa rõ nguyên nhân', N'Khỏi bệnh', 'TR084', 'THPTNK002');
INSERT INTO treatment_record (id, description, result, treatment_regime_id, patient_id) VALUES ('REC0243', N'Ngày: 2024-01-28, Triệu chứng: Đau đầu, Ghi chú: Theo dõi huyết áp', N'Nặng thêm', 'TR087', 'DNPTSK008');
INSERT INTO treatment_record (id, description, result, treatment_regime_id, patient_id) VALUES ('REC0244', N'Ngày: 2024-01-04, Triệu chứng: Sốt, Ghi chú: Có dấu hiệu thuyên giảm', N'Khỏi bệnh', 'TR050', 'VPPTSK004');
INSERT INTO treatment_record (id, description, result, treatment_regime_id, patient_id) VALUES ('REC0245', N'Ngày: 2024-02-16, Triệu chứng: Khó thở, Ghi chú: Khuyên uống nhiều nước', N'Nặng thêm', 'TR060', 'THPTSK004');
INSERT INTO treatment_record (id, description, result, treatment_regime_id, patient_id) VALUES ('REC0246', N'Ngày: 2023-08-09, Triệu chứng: Đau bụng, Ghi chú: Cần xét nghiệm bổ sung', N'Chưa khỏi', 'TR029', 'HNPTNK005');
INSERT INTO treatment_record (id, description, result, treatment_regime_id, patient_id) VALUES ('REC0247', N'Ngày: 2023-05-22, Triệu chứng: Ho, Ghi chú: Hạn chế vận động mạnh', N'Chưa khỏi', 'TR012', 'TBPTNGK009');
INSERT INTO treatment_record (id, description, result, treatment_regime_id, patient_id) VALUES ('REC0248', N'Ngày: 2024-02-13, Triệu chứng: Mệt mỏi, Ghi chú: Theo dõi huyết áp', N'Khỏi bệnh', 'TR030', 'TBPTNKH004');
INSERT INTO treatment_record (id, description, result, treatment_regime_id, patient_id) VALUES ('REC0249', N'Ngày: 2025-04-08, Triệu chứng: Ho, Ghi chú: Khuyên uống nhiều nước', N'Khỏi bệnh', 'TR064', 'NDPTSK004');
INSERT INTO treatment_record (id, description, result, treatment_regime_id, patient_id) VALUES ('REC0250', N'Ngày: 2024-11-29, Triệu chứng: Chóng mặt, Ghi chú: Phản ứng tốt với thuốc', N'Chưa khỏi', 'TR082', 'TBPTSK001');
INSERT INTO treatment_record (id, description, result, treatment_regime_id, patient_id) VALUES ('REC0251', N'Ngày: 2023-10-09, Triệu chứng: Sốt, Ghi chú: Chưa rõ nguyên nhân', N'Cải thiện', 'TR064', 'BGPTNGK007');
INSERT INTO treatment_record (id, description, result, treatment_regime_id, patient_id) VALUES ('REC0252', N'Ngày: 2024-03-25, Triệu chứng: Ho, Ghi chú: Chỉ định nghỉ ngơi', N'Khỏi bệnh', 'TR009', 'TBPTNK010');
INSERT INTO treatment_record (id, description, result, treatment_regime_id, patient_id) VALUES ('REC0253', N'Ngày: 2024-02-17, Triệu chứng: Ho, Ghi chú: Khuyên uống nhiều nước', N'Ổn định', 'TR034', 'THPTSK006');
INSERT INTO treatment_record (id, description, result, treatment_regime_id, patient_id) VALUES ('REC0254', N'Ngày: 2023-05-24, Triệu chứng: Đau bụng, Ghi chú: Có dấu hiệu thuyên giảm', N'Ổn định', 'TR025', 'NDPTSK001');
INSERT INTO treatment_record (id, description, result, treatment_regime_id, patient_id) VALUES ('REC0255', N'Ngày: 2023-08-04, Triệu chứng: Ngứa, Ghi chú: Đã ổn định', N'Khỏi bệnh', 'TR088', 'NDPTNK010');
INSERT INTO treatment_record (id, description, result, treatment_regime_id, patient_id) VALUES ('REC0256', N'Ngày: 2024-04-16, Triệu chứng: Đau bụng, Ghi chú: Theo dõi huyết áp', N'Nặng thêm', 'TR083', 'DNPTNGK009');
INSERT INTO treatment_record (id, description, result, treatment_regime_id, patient_id) VALUES ('REC0257', N'Ngày: 2024-06-03, Triệu chứng: Đau đầu, Ghi chú: Hạn chế vận động mạnh', N'Ổn định', 'TR036', 'DNPTNK009');
INSERT INTO treatment_record (id, description, result, treatment_regime_id, patient_id) VALUES ('REC0258', N'Ngày: 2023-10-18, Triệu chứng: Khó thở, Ghi chú: Chưa rõ nguyên nhân', N'Khỏi bệnh', 'TR064', 'DNPTNKH009');
INSERT INTO treatment_record (id, description, result, treatment_regime_id, patient_id) VALUES ('REC0259', N'Ngày: 2023-07-22, Triệu chứng: Đau lưng, Ghi chú: Tái khám sau 1 tuần', N'Ổn định', 'TR007', 'TBPTNKH005');
INSERT INTO treatment_record (id, description, result, treatment_regime_id, patient_id) VALUES ('REC0260', N'Ngày: 2024-07-01, Triệu chứng: Đau bụng, Ghi chú: Tái khám sau 1 tuần', N'Cải thiện', 'TR041', 'DNPTSK010');
INSERT INTO treatment_record (id, description, result, treatment_regime_id, patient_id) VALUES ('REC0261', N'Ngày: 2024-06-20, Triệu chứng: Ho, Ghi chú: Cần theo dõi thêm', N'Cải thiện', 'TR011', 'VPPTNGK002');
INSERT INTO treatment_record (id, description, result, treatment_regime_id, patient_id) VALUES ('REC0262', N'Ngày: 2025-04-14, Triệu chứng: Buồn nôn, Ghi chú: Khuyên uống nhiều nước', N'Cải thiện', 'TR010', 'DNPTNGK007');
INSERT INTO treatment_record (id, description, result, treatment_regime_id, patient_id) VALUES ('REC0263', N'Ngày: 2023-09-14, Triệu chứng: Đau đầu, Ghi chú: Hạn chế vận động mạnh', N'Khỏi bệnh', 'TR040', 'VPPTNK009');
INSERT INTO treatment_record (id, description, result, treatment_regime_id, patient_id) VALUES ('REC0264', N'Ngày: 2024-04-01, Triệu chứng: Chóng mặt, Ghi chú: Cần theo dõi thêm', N'Ổn định', 'TR062', 'HNPTNGK005');
INSERT INTO treatment_record (id, description, result, treatment_regime_id, patient_id) VALUES ('REC0265', N'Ngày: 2023-08-22, Triệu chứng: Buồn nôn, Ghi chú: Phản ứng tốt với thuốc', N'Nặng thêm', 'TR033', 'VPPTNGK002');
INSERT INTO treatment_record (id, description, result, treatment_regime_id, patient_id) VALUES ('REC0266', N'Ngày: 2025-04-26, Triệu chứng: Đau bụng, Ghi chú: Theo dõi huyết áp', N'Ổn định', 'TR044', 'NDPTNK003');
INSERT INTO treatment_record (id, description, result, treatment_regime_id, patient_id) VALUES ('REC0267', N'Ngày: 2024-05-30, Triệu chứng: Ho, Ghi chú: Khuyên thay đổi chế độ ăn', N'Nặng thêm', 'TR010', 'NDPTNK002');
INSERT INTO treatment_record (id, description, result, treatment_regime_id, patient_id) VALUES ('REC0268', N'Ngày: 2023-05-23, Triệu chứng: Mệt mỏi, Ghi chú: Khuyên thay đổi chế độ ăn', N'Khỏi bệnh', 'TR081', 'THPTNK009');
INSERT INTO treatment_record (id, description, result, treatment_regime_id, patient_id) VALUES ('REC0269', N'Ngày: 2023-09-15, Triệu chứng: Đau bụng, Ghi chú: Tái khám sau 1 tuần', N'Chưa khỏi', 'TR008', 'THPTNK004');
INSERT INTO treatment_record (id, description, result, treatment_regime_id, patient_id) VALUES ('REC0270', N'Ngày: 2025-01-04, Triệu chứng: Đau bụng, Ghi chú: Đã ổn định', N'Khỏi bệnh', 'TR017', 'HNPTNKH004');
INSERT INTO treatment_record (id, description, result, treatment_regime_id, patient_id) VALUES ('REC0271', N'Ngày: 2024-10-09, Triệu chứng: Chóng mặt, Ghi chú: Phản ứng tốt với thuốc', N'Khỏi bệnh', 'TR079', 'NDPTNKH005');
INSERT INTO treatment_record (id, description, result, treatment_regime_id, patient_id) VALUES ('REC0272', N'Ngày: 2023-11-28, Triệu chứng: Đau bụng, Ghi chú: Cần xét nghiệm bổ sung', N'Nặng thêm', 'TR072', 'HNPTSK009');
INSERT INTO treatment_record (id, description, result, treatment_regime_id, patient_id) VALUES ('REC0273', N'Ngày: 2023-11-09, Triệu chứng: Ho, Ghi chú: Tái khám sau 1 tuần', N'Cải thiện', 'TR013', 'DNPTNK006');
INSERT INTO treatment_record (id, description, result, treatment_regime_id, patient_id) VALUES ('REC0274', N'Ngày: 2024-05-17, Triệu chứng: Chóng mặt, Ghi chú: Đã ổn định', N'Nặng thêm', 'TR059', 'HNPTNK006');
INSERT INTO treatment_record (id, description, result, treatment_regime_id, patient_id) VALUES ('REC0275', N'Ngày: 2024-03-20, Triệu chứng: Đau bụng, Ghi chú: Đã ổn định', N'Ổn định', 'TR044', 'THPTNGK002');
INSERT INTO treatment_record (id, description, result, treatment_regime_id, patient_id) VALUES ('REC0276', N'Ngày: 2024-03-03, Triệu chứng: Buồn nôn, Ghi chú: Phản ứng tốt với thuốc', N'Khỏi bệnh', 'TR076', 'VPPTNK009');
INSERT INTO treatment_record (id, description, result, treatment_regime_id, patient_id) VALUES ('REC0277', N'Ngày: 2024-01-05, Triệu chứng: Đau đầu, Ghi chú: Khuyên thay đổi chế độ ăn', N'Cải thiện', 'TR077', 'HNPTNK007');
INSERT INTO treatment_record (id, description, result, treatment_regime_id, patient_id) VALUES ('REC0278', N'Ngày: 2024-02-25, Triệu chứng: Ngứa, Ghi chú: Cần xét nghiệm bổ sung', N'Chưa khỏi', 'TR082', 'THPTSK005');
INSERT INTO treatment_record (id, description, result, treatment_regime_id, patient_id) VALUES ('REC0279', N'Ngày: 2024-04-14, Triệu chứng: Ho, Ghi chú: Đã ổn định', N'Cải thiện', 'TR062', 'DNPTNGK006');
INSERT INTO treatment_record (id, description, result, treatment_regime_id, patient_id) VALUES ('REC0280', N'Ngày: 2025-04-09, Triệu chứng: Đau bụng, Ghi chú: Cần theo dõi thêm', N'Cải thiện', 'TR018', 'NDPTNK005');
INSERT INTO treatment_record (id, description, result, treatment_regime_id, patient_id) VALUES ('REC0281', N'Ngày: 2023-10-06, Triệu chứng: Chóng mặt, Ghi chú: Chưa rõ nguyên nhân', N'Chưa khỏi', 'TR075', 'NDPTNKH010');
INSERT INTO treatment_record (id, description, result, treatment_regime_id, patient_id) VALUES ('REC0282', N'Ngày: 2024-07-07, Triệu chứng: Ngứa, Ghi chú: Chỉ định nghỉ ngơi', N'Cải thiện', 'TR075', 'NDPTNKH010');
INSERT INTO treatment_record (id, description, result, treatment_regime_id, patient_id) VALUES ('REC0283', N'Ngày: 2025-02-06, Triệu chứng: Ho, Ghi chú: Theo dõi huyết áp', N'Chưa khỏi', 'TR040', 'BGPTNK001');
INSERT INTO treatment_record (id, description, result, treatment_regime_id, patient_id) VALUES ('REC0284', N'Ngày: 2023-12-13, Triệu chứng: Ngứa, Ghi chú: Khuyên thay đổi chế độ ăn', N'Cải thiện', 'TR002', 'VPPTSK009');
INSERT INTO treatment_record (id, description, result, treatment_regime_id, patient_id) VALUES ('REC0285', N'Ngày: 2023-08-10, Triệu chứng: Ngứa, Ghi chú: Chưa rõ nguyên nhân', N'Khỏi bệnh', 'TR031', 'HNPTSK010');
INSERT INTO treatment_record (id, description, result, treatment_regime_id, patient_id) VALUES ('REC0286', N'Ngày: 2024-04-22, Triệu chứng: Buồn nôn, Ghi chú: Khuyên uống nhiều nước', N'Cải thiện', 'TR045', 'DNPTNGK007');
INSERT INTO treatment_record (id, description, result, treatment_regime_id, patient_id) VALUES ('REC0287', N'Ngày: 2024-10-08, Triệu chứng: Buồn nôn, Ghi chú: Hạn chế vận động mạnh', N'Nặng thêm', 'TR044', 'HNPTNKH006');
INSERT INTO treatment_record (id, description, result, treatment_regime_id, patient_id) VALUES ('REC0288', N'Ngày: 2025-02-27, Triệu chứng: Khó thở, Ghi chú: Khuyên thay đổi chế độ ăn', N'Ổn định', 'TR077', 'DNPTNKH010');
INSERT INTO treatment_record (id, description, result, treatment_regime_id, patient_id) VALUES ('REC0289', N'Ngày: 2024-04-23, Triệu chứng: Đau lưng, Ghi chú: Tái khám sau 1 tuần', N'Chưa khỏi', 'TR079', 'VPPTNGK002');
INSERT INTO treatment_record (id, description, result, treatment_regime_id, patient_id) VALUES ('REC0290', N'Ngày: 2023-09-20, Triệu chứng: Mệt mỏi, Ghi chú: Cần theo dõi thêm', N'Nặng thêm', 'TR014', 'TBPTNK004');
INSERT INTO treatment_record (id, description, result, treatment_regime_id, patient_id) VALUES ('REC0291', N'Ngày: 2023-09-03, Triệu chứng: Buồn nôn, Ghi chú: Có dấu hiệu thuyên giảm', N'Cải thiện', 'TR001', 'TBPTNKH003');
INSERT INTO treatment_record (id, description, result, treatment_regime_id, patient_id) VALUES ('REC0292', N'Ngày: 2024-02-16, Triệu chứng: Buồn nôn, Ghi chú: Khuyên uống nhiều nước', N'Nặng thêm', 'TR080', 'DNPTNKH009');
INSERT INTO treatment_record (id, description, result, treatment_regime_id, patient_id) VALUES ('REC0293', N'Ngày: 2024-12-18, Triệu chứng: Chóng mặt, Ghi chú: Khuyên uống nhiều nước', N'Nặng thêm', 'TR095', 'VPPTNK010');
INSERT INTO treatment_record (id, description, result, treatment_regime_id, patient_id) VALUES ('REC0294', N'Ngày: 2024-04-19, Triệu chứng: Khó thở, Ghi chú: Cần theo dõi thêm', N'Khỏi bệnh', 'TR001', 'TBPTNGK005');
INSERT INTO treatment_record (id, description, result, treatment_regime_id, patient_id) VALUES ('REC0295', N'Ngày: 2023-05-22, Triệu chứng: Ngứa, Ghi chú: Phản ứng tốt với thuốc', N'Cải thiện', 'TR004', 'VPPTSK004');
INSERT INTO treatment_record (id, description, result, treatment_regime_id, patient_id) VALUES ('REC0296', N'Ngày: 2024-02-21, Triệu chứng: Buồn nôn, Ghi chú: Hạn chế vận động mạnh', N'Ổn định', 'TR057', 'NDPTSK009');
INSERT INTO treatment_record (id, description, result, treatment_regime_id, patient_id) VALUES ('REC0297', N'Ngày: 2025-04-03, Triệu chứng: Đau bụng, Ghi chú: Khuyên uống nhiều nước', N'Cải thiện', 'TR006', 'VPPTSK005');
INSERT INTO treatment_record (id, description, result, treatment_regime_id, patient_id) VALUES ('REC0298', N'Ngày: 2025-03-24, Triệu chứng: Buồn nôn, Ghi chú: Cần xét nghiệm bổ sung', N'Cải thiện', 'TR023', 'NDPTSK006');
INSERT INTO treatment_record (id, description, result, treatment_regime_id, patient_id) VALUES ('REC0299', N'Ngày: 2024-11-18, Triệu chứng: Buồn nôn, Ghi chú: Chỉ định nghỉ ngơi', N'Cải thiện', 'TR071', 'VPPTNGK004');
INSERT INTO treatment_record (id, description, result, treatment_regime_id, patient_id) VALUES ('REC0300', N'Ngày: 2023-10-19, Triệu chứng: Đau lưng, Ghi chú: Phản ứng tốt với thuốc', N'Khỏi bệnh', 'TR023', 'HNPTNGK002');
